795x,0,10
x417,0,10
x195,0,10
375x,0,10
3278,1,10
5x92,0,10
4,1,10
x334,0,10
40,1,10
86,1,10
2,1,10
72,1,10
1x74,0,10
x417,0,10
54x7,0,10
49,1,10
98,1,10
x773,0,10
76x7,0,10
x949,0,10
751x,0,10
33x0,0,10
25,1,10
452x,0,10
x696,0,10
904x,0,10
6x84,0,10
76x4,0,10
x96x,0,10
872x,0,10
82,1,10
3,1,10
17,1,10
804,1,10
355x,0,10
4x84,0,10
170,1,10
12x0,0,10
752x,0,10
713x,0,10
588x,0,10
60,1,10
xx35,0,10
39,1,10
x83x,0,10
2x84,0,10
x131,0,10
69,1,10
91x9,0,10
x524,0,10
x717,0,10
7945,1,10
x432,0,10
7x74,0,10
70x7,0,10
1,1,10
1047,1,10
48x8,0,10
9x49,0,10
182x,0,10
48x1,0,10
x220,0,10
26,1,10
94,1,10
79,1,10
4791,1,10
10x8,0,10
42,1,10
0,1,10
81,1,10
854x,0,10
1005,0,10
x469,0,10
66,1,10
x760,0,10
1196,1,10
x870,0,10
8,1,10
49x4,0,10
18,1,10
104,1,10
33,1,10
293x,0,10
3x03,0,10
x899,0,10
x204,0,10
878x,0,10
2x60,0,10
4x04,0,10
786x,0,10
54x9,0,10
4x01,0,10
3x52,0,10
05xx,0,10
026x,0,10
50x0,0,10
40x3,0,10
32x5,0,10
276x,0,10
31,1,10
501x,0,10
7x96,0,10
568x,0,10
35x2,0,10
0xx2,0,10
12,1,10
399x,0,10
4x9x,0,10
6x04,0,10
8,1,10
65,1,10
917x,0,10
53,1,10
4,1,10
111,1,10
0xx2,0,10
8x82,0,10
x522,0,10
8x18,0,10
45,1,10
18x3,0,10
851x,0,10
96,1,10
16,1,10
9x28,0,10
90x4,0,10
586x,0,10
653x,0,10
33x2,0,10
743x,0,10
043x,0,10
426,1,10
x847,0,10
767,1,10
061x,0,10
28,1,10
378x,0,10
431x,0,10
93,1,10
206x,0,10
450x,0,10
78,1,10
327,1,10
776,1,10
97,1,10
20xx,0,10
59,1,10
0x16,0,10
15,1,10
4x24,0,10
x650,0,10
04x2,0,10
xx42,0,10
xx66,0,10
x914,0,10
566,1,10
33,1,10
135x,0,10
38,1,10
8x69,0,10
968x,0,10
278x,0,10
34,1,10
60xx,0,10
9x69,0,10
x484,0,10
x973,0,10
8xx0,0,10
x735,0,10
x313,0,10
75,1,10
8x3x,0,10
x745,0,10
0x63,0,10
x805,0,10
59,1,10
6,1,10
x622,0,10
5x9x,0,10
xx78,0,10
x406,0,10
26xx,0,10
7xx0,0,10
61x8,0,10
x599,0,10
96,1,10
20x4,0,10
x272,0,10
51x4,0,10
4203,1,10
4x82,0,10
258,1,10
9x85,0,10
0x00,0,10
9x03,0,10
387,1,10
640,1,10
8700,1,10
5423,1,10
697,1,10
157,1,10
x740,0,10
005x,0,10
xx99,0,10
55,1,10
38x9,0,10
612x,0,10
8x95,0,10
64,1,10
87,1,10
55,1,10
78,1,10
19,1,10
1110,0,10
x337,0,10
60x6,0,10
74,1,10
62,1,10
86,1,10
71,1,10
x546,0,10
064x,0,10
9x90,0,10
19,1,10
18,1,10
39,1,10
755,1,10
xx47,0,10
32,1,10
5x1x,0,10
3x66,0,10
4x71,0,10
1,1,10
x299,0,10
91,1,10
1x14,0,10
x03x,0,10
8x44,0,10
x176,0,10
4x94,0,10
92,1,10
7387,1,10
x619,0,10
59,1,10
3x76,0,10
x69x,0,10
67,1,10
7xx7,0,10
817,1,10
292x,0,10
150x,0,10
6x28,0,10
82,1,10
6x43,0,10
22,1,10
0,1,10
5x50,0,10
94,1,10
0xx1,0,10
915x,0,10
45,1,10
x510,0,10
4x61,0,10
270,1,10
350x,0,10
3x14,0,10
83,1,10
63,1,10
8x79,0,10
x19x,0,10
26,1,10
05x0,0,10
37,1,10
7x68,0,10
512x,0,10
82,1,10
x582,0,10
22,1,10
49x5,0,10
1x53,0,10
65,1,10
83x3,0,10
359x,0,10
1430,1,10
257,1,10
66,1,10
29x9,0,10
0x16,0,10
5x21,0,10
76x7,0,10
20,1,10
95x8,0,10
95,1,10
2,1,10
x210,0,10
49,1,10
098x,0,10
22,1,10
6xx6,0,10
78x3,0,10
9,1,10
26,1,10
26,1,10
67,1,10
x334,0,10
33x7,0,10
62,1,10
10,1,10
x9x7,0,10
7x70,0,10
x194,0,10
x135,0,10
35,1,10
x285,0,10
5x94,0,10
064x,0,10
x227,0,10
x7x1,0,10
982x,0,10
2x58,0,10
606x,0,10
x19x,0,10
622x,0,10
35x8,0,10
9x93,0,10
27,1,10
00x3,0,10
7,1,10
64x4,0,10
89,1,10
4xx8,0,10
5x74,0,10
23x2,0,10
18,1,10
93x3,0,10
84xx,0,10
6x78,0,10
5599,1,10
8x99,0,10
463,1,10
219,1,10
45,1,10
06x7,0,10
43,1,10
x995,0,10
4x64,0,10
28,1,10
9x81,0,10
x718,0,10
84,1,10
6x55,0,10
90,1,10
33,1,10
55,1,10
15x8,0,10
5695,1,10
30,1,10
87xx,0,10
06x8,0,10
95,1,10
46,1,10
52,1,10
1xx8,0,10
x569,0,10
253,1,10
92x1,0,10
89,1,10
42x3,0,10
241,1,10
833x,0,10
53,1,10
x490,0,10
431,1,10
491,1,10
3x87,0,10
3182,1,10
x968,0,10
93,1,10
330x,0,10
06x9,0,10
x637,0,10
70,1,10
85x9,0,10
07x8,0,10
2x19,0,10
86,1,10
685x,0,10
x496,0,10
13x4,0,10
266x,0,10
4x42,0,10
28,1,10
x067,0,10
268,1,10
859,1,10
10,1,10
x4x6,0,10
x881,0,10
1xx3,0,10
2x52,0,10
x64x,0,10
893x,0,10
x300,0,10
763,1,10
91x8,0,10
x361,0,10
67,1,10
862x,0,10
497x,0,10
47x4,0,10
091x,0,10
269x,0,10
16,1,10
3x86,0,10
x798,0,10
77,1,10
x178,0,10
756x,0,10
x931,0,10
x349,0,10
590x,0,10
5,1,10
x338,0,10
4x7x,0,10
2x24,0,10
70x0,0,10
3671,1,10
95x0,0,10
34,1,10
875,1,10
62,1,10
69,1,10
3,1,10
9x48,0,10
145,1,10
7x42,0,10
91,1,10
592,0,10
x307,0,10
624,1,10
69x9,0,10
3x17,0,10
2x23,0,10
28,1,10
705,1,10
0x22,0,10
013x,0,10
91,1,10
98,1,10
33,1,10
70x2,0,10
30,1,10
362,1,10
07x6,0,10
96,1,10
8x16,0,10
2,1,10
045x,0,10
370,1,10
96x8,0,10
83,1,10
8x59,0,10
34,1,10
x656,0,10
90,1,10
58,1,10
18x7,0,10
130,1,10
331x,0,10
0x00,0,10
x899,0,10
3x52,0,10
7x60,0,10
303x,0,10
109x,0,10
6x02,0,10
366,1,10
031x,0,10
034x,0,10
7,1,10
21,1,10
x859,0,10
9x77,0,10
4,1,10
28,1,10
33,1,10
676,1,10
2,1,10
79,1,10
79x5,0,10
246,1,10
36,1,10
6,1,10
51x6,0,10
81xx,0,10
x039,0,10
92x0,0,10
2152,1,10
60x3,0,10
089x,0,10
30,1,10
241x,0,10
2x55,0,10
334,1,10
40,1,10
x134,0,10
1x32,0,10
368x,0,10
320x,0,10
4x50,0,10
38,1,10
061x,0,10
x381,0,10
48,1,10
x968,0,10
78,1,10
8x70,0,10
x304,0,10
37,1,10
9x52,0,10
98x6,0,10
55x9,0,10
662,1,10
03x7,0,10
884,1,10
7x2x,0,10
15,1,10
9,1,10
21,1,10
x8x3,0,10
30,1,10
072x,0,10
554x,0,10
885x,0,10
640x,0,10
26x3,0,10
x839,0,10
x961,0,10
505x,0,10
x493,0,10
46,1,10
x851,0,10
6750,1,10
892,1,10
857,1,10
205,1,10
1x09,0,10
2,1,10
x6x8,0,10
x544,0,10
65x5,0,10
5x07,0,10
x3x5,0,10
xx89,0,10
885,1,10
49x4,0,10
64,1,10
310,1,10
365x,0,10
462,1,10
51x8,0,10
31,1,10
25,1,10
83,1,10
8x28,0,10
17x3,0,10
70,1,10
773x,0,10
1161,1,10
19,1,10
847x,0,10
235x,0,10
38,1,10
60,1,10
71x1,0,10
96x7,0,10
482x,0,10
x870,0,10
x230,0,10
3594,1,10
05x4,0,10
62,1,10
x2x3,0,10
x181,0,10
457x,0,10
522,1,10
59,1,10
1x78,0,10
8x63,0,10
03x0,0,10
44,1,10
4x47,0,10
93,1,10
95,1,10
x203,0,10
1xx4,0,10
476x,0,10
597x,0,10
1,1,10
24x8,0,10
x653,0,10
9x44,0,10
41x8,0,10
98x7,0,10
458x,0,10
x500,0,10
18,1,10
19x8,0,10
666x,0,10
740,1,10
40,1,10
3x33,0,10
x422,0,10
93,1,10
x695,0,10
43,1,10
75,1,10
x574,0,10
752,1,10
75,1,10
12x3,0,10
049x,0,10
26,1,10
26,1,10
11,1,10
89,1,10
33,1,10
7317,1,10
02x3,0,10
53,1,10
x31x,0,10
49x2,0,10
3,1,10
x561,0,10
20,1,10
60,1,10
4,1,10
27x9,0,10
7x34,0,10
32,1,10
101x,0,10
91,1,10
x12x,0,10
21,1,10
x348,0,10
x216,0,10
9x51,0,10
75x7,0,10
4x81,0,10
10,1,10
x084,0,10
0,1,10
81x5,0,10
71,1,10
35x7,0,10
46,1,10
15,1,10
363x,0,10
42,1,10
97x6,0,10
x789,0,10
18,1,10
53x4,0,10
6x86,0,10
30x1,0,10
87x2,0,10
8,1,10
0xx5,0,10
4x43,0,10
621,1,10
95x6,0,10
29,1,10
00x1,0,10
5x37,0,10
4x42,0,10
8x28,0,10
x737,0,10
4xx3,0,10
9x86,0,10
8x35,0,10
33,1,10
7x00,0,10
x591,0,10
054x,0,10
5x9x,0,10
66,1,10
2xx2,0,10
77,1,10
849x,0,10
52x3,0,10
829x,0,10
43,1,10
21x3,0,10
65,1,10
x893,0,10
35,1,10
48,1,10
x038,0,10
11,1,10
67x1,0,10
020x,0,10
4394,1,10
952x,0,10
x834,0,10
14,1,10
14x6,0,10
76,1,10
542,1,10
x944,0,10
8x08,0,10
977x,0,10
17x0,0,10
74xx,0,10
096x,0,10
x815,0,10
951x,0,10
x278,0,10
45,1,10
91,1,10
60x6,0,10
07x0,0,10
x249,0,10
58,1,10
35x5,0,10
775,1,10
5x89,0,10
0x31,0,10
x5x0,0,10
6x19,0,10
423x,0,10
x834,0,10
69,1,10
46,1,10
38,1,10
x272,0,10
83,1,10
82x0,0,10
x425,0,10
x038,0,10
x364,0,10
5x96,0,10
25,1,10
53x8,0,10
15,1,10
9xx0,0,10
21,1,10
x5x6,0,10
83x1,0,10
86,1,10
285,1,10
8x40,0,10
x421,0,10
4x77,0,10
68,1,10
4581,0,10
6x20,0,10
47xx,0,10
19x9,0,10
1x73,0,10
89,1,10
x75x,0,10
805x,0,10
86,1,10
x483,0,10
2x42,0,10
471x,0,10
31x7,0,10
70,1,10
0x70,0,10
83,1,10
x688,0,10
63x0,0,10
31,1,10
6x47,0,10
74,1,10
x453,0,10
99x0,0,10
664,1,10
30,1,10
28,1,10
x535,0,10
36,1,10
102x,0,10
33,1,10
8x18,0,10
371x,0,10
87x8,0,10
x687,0,10
167,1,10
88x8,0,10
281,1,10
5,1,10
56,1,10
0x08,0,10
19,1,10
63x1,0,10
7x57,0,10
2,1,10
87,1,10
1xx2,0,10
86,1,10
x664,0,10
933x,0,10
6,1,10
22,1,10
04x0,0,10
4x4x,0,10
312x,0,10
17,1,10
34,1,10
060x,0,10
55,1,10
x61x,0,10
x72x,0,10
x9x4,0,10
72x1,0,10
54,1,10
8x8x,0,10
53,1,10
217x,0,10
xx01,0,10
65,1,10
81,1,10
x073,0,10
x536,0,10
400x,0,10
9x56,0,10
8x41,0,10
x4x6,0,10
83,1,10
10,1,10
6x70,0,10
928,1,10
7xx0,0,10
53,1,10
15,1,10
59,1,10
x441,0,10
220x,0,10
90,1,10
x816,0,10
x304,0,10
33x5,0,10
652x,0,10
404x,0,10
141x,0,10
1x22,0,10
xx33,0,10
2,1,10
9x69,0,10
9x58,0,10
34,1,10
264x,0,10
67x5,0,10
4x94,0,10
2x62,0,10
83,1,10
264x,0,10
x382,0,10
x333,0,10
10x1,0,10
x795,0,10
83,1,10
74,1,10
1x13,0,10
446x,0,10
49,1,10
2,1,10
x671,0,10
29,1,10
97x3,0,10
07x1,0,10
x630,0,10
7x8x,0,10
3x70,0,10
77,1,10
525x,0,10
652x,0,10
131,1,10
x261,0,10
7,1,10
x661,0,10
37,1,10
800,1,10
92x5,0,10
3x84,0,10
28,1,10
77x9,0,10
47,1,10
057x,0,10
18,1,10
65,1,10
43,1,10
330x,0,10
5x22,0,10
91,1,10
8x92,0,10
86,1,10
233,1,10
179x,0,10
98,1,10
787x,0,10
0x6x,0,10
55,1,10
x373,0,10
881,1,10
32,1,10
29,1,10
41,1,10
9x40,0,10
x145,0,10
x928,0,10
x113,0,10
23,1,10
6x01,0,10
30,1,10
34,1,10
58x3,0,10
74,1,10
6x08,0,10
29,1,10
8635,1,10
88,1,10
389x,0,10
742x,0,10
739x,0,10
21,1,10
99,1,10
47,1,10
x404,0,10
104x,0,10
261x,0,10
x019,0,10
x752,0,10
x1x0,0,10
61,1,10
2,1,10
823x,0,10
69,1,10
421x,0,10
88,1,10
950x,0,10
x17x,0,10
716,1,10
80x0,0,10
78x0,0,10
x351,0,10
24,1,10
x089,0,10
65,1,10
558x,0,10
1x47,0,10
569x,0,10
5x33,0,10
5x3x,0,10
xx85,0,10
92,1,10
29x6,0,10
99,1,10
xx98,0,10
x908,0,10
9x01,0,10
473,1,10
2x05,0,10
4x14,0,10
x101,0,10
4x78,0,10
0,1,10
6x85,0,10
5882,1,10
x965,0,10
487x,0,10
x549,0,10
x159,0,10
18x5,0,10
71,1,10
620,1,10
9x77,0,10
6x83,0,10
7563,1,10
27xx,0,10
325,1,10
822x,0,10
x754,0,10
50,1,10
84,1,10
3x14,0,10
4x54,0,10
03x8,0,10
264,1,10
312x,0,10
53,1,10
75,1,10
x379,0,10
2xx5,0,10
x181,0,10
94x6,0,10
xx27,0,10
09x6,0,10
07x9,0,10
5x32,0,10
x092,0,10
6x67,0,10
x228,0,10
017x,0,10
50x5,0,10
644,1,10
9976,1,10
41,1,10
x176,0,10
0x0x,0,10
6x1x,0,10
71,1,10
36,1,10
63x4,0,10
x3x7,0,10
4x11,0,10
71,1,10
53x3,0,10
x889,0,10
582x,0,10
x01x,0,10
x696,0,10
25,1,10
30x4,0,10
2x42,0,10
43,1,10
x997,0,10
06x8,0,10
61,1,10
x411,0,10
x261,0,10
168,1,10
29,1,10
24,1,10
61,1,10
3x0x,0,10
268x,0,10
x526,0,10
9x31,0,10
x2x7,0,10
3x86,0,10
66,1,10
39,1,10
x785,0,10
44,1,10
1x18,0,10
579,1,10
91,1,10
08x3,0,10
71x5,0,10
689x,0,10
x568,0,10
5x83,0,10
4x26,0,10
4x97,0,10
32,1,10
2x49,0,10
x196,0,10
7,1,10
38,1,10
6,1,10
52x5,0,10
x285,0,10
27x3,0,10
5x76,0,10
255x,0,10
15,1,10
27,1,10
4x44,0,10
49,1,10
24x2,0,10
54x9,0,10
x83x,0,10
x295,0,10
xx60,0,10
79,1,10
50,1,10
2x78,0,10
7x10,0,10
69x1,0,10
72x7,0,10
67xx,0,10
7x66,0,10
634x,0,10
063x,0,10
x52x,0,10
10x3,0,10
x947,0,10
485,1,10
3747,0,10
175,1,10
172x,0,10
50,1,10
20,1,10
125x,0,10
3x37,0,10
x260,0,10
16,1,10
963x,0,10
92,1,10
x518,0,10
3xx8,0,10
481,1,10
3x45,0,10
x351,0,10
61,1,10
8x9x,0,10
x559,0,10
53,1,10
673,1,10
40,1,10
x006,0,10
03x7,0,10
615x,0,10
75,1,10
85x9,0,10
x481,0,10
7x82,0,10
97x8,0,10
218x,0,10
02x6,0,10
6080,1,10
x121,0,10
8,1,10
22x8,0,10
036x,0,10
59,1,10
5x63,0,10
545x,0,10
179,1,10
59,1,10
35,1,10
xx92,0,10
84,1,10
76,1,10
90,1,10
x608,0,10
28,1,10
9xx0,0,10
36x1,0,10
4,1,10
79,1,10
2227,1,10
6x12,0,10
x899,0,10
09xx,0,10
77,1,10
64x5,0,10
77,1,10
9x10,0,10
63x7,0,10
284x,0,10
489,1,10
895,1,10
0x96,0,10
63x4,0,10
728,1,10
92,1,10
250,1,10
5x8x,0,10
x84x,0,10
76,1,10
38x1,0,10
25xx,0,10
735x,0,10
19,1,10
85,1,10
225x,0,10
x158,0,10
x619,0,10
86x3,0,10
51,1,10
x886,0,10
9x60,0,10
23,1,10
76,1,10
1x08,0,10
205,1,10
37,1,10
x6x5,0,10
762,1,10
1x65,0,10
544x,0,10
629x,0,10
2x41,0,10
x215,0,10
78,1,10
49x1,0,10
5x10,0,10
52,1,10
138,1,10
7x7x,0,10
x526,0,10
90,1,10
9x78,0,10
66,1,10
82x9,0,10
x594,0,10
595x,0,10
56x9,0,10
807,1,10
244,1,10
x79x,0,10
x533,0,10
29,1,10
119x,0,10
162x,0,10
94,1,10
40x7,0,10
2x08,0,10
13,1,10
938x,0,10
x173,0,10
450x,0,10
24,1,10
97,1,10
x845,0,10
7974,0,10
39,1,10
103x,0,10
38,1,10
327x,0,10
75,1,10
07x1,0,10
196,1,10
x763,0,10
55x6,0,10
409,1,10
16,1,10
622x,0,10
88,1,10
62,1,10
762,1,10
19x8,0,10
79x1,0,10
62,1,10
x377,0,10
09x5,0,10
2,1,10
9,1,10
96x5,0,10
4x73,0,10
8x14,0,10
x06x,0,10
83,1,10
54,1,10
81,1,10
x811,0,10
38x1,0,10
56,1,10
18,1,10
7x19,0,10
94x3,0,10
0x6x,0,10
58,1,10
496x,0,10
648x,0,10
x704,0,10
24x5,0,10
82,1,10
90x2,0,10
5xx3,0,10
38,1,10
7x21,0,10
3x35,0,10
16,1,10
7x33,0,10
47,1,10
2x9x,0,10
0x49,0,10
49x0,0,10
x591,0,10
3x87,0,10
914x,0,10
18,1,10
7x63,0,10
x895,0,10
12,1,10
46,1,10
793x,0,10
86x8,0,10
x170,0,10
85,1,10
7x57,0,10
10,1,10
9,1,10
65,1,10
x108,0,10
50,1,10
x3x8,0,10
57x8,0,10
x289,0,10
2x14,0,10
18,1,10
66x2,0,10
78xx,0,10
x490,0,10
86x6,0,10
56x1,0,10
891x,0,10
x152,0,10
936x,0,10
27,1,10
8x26,0,10
81,1,10
25,1,10
1x66,0,10
693x,0,10
47x9,0,10
x383,0,10
40,1,10
x685,0,10
668x,0,10
25,1,10
884,1,10
x015,0,10
29,1,10
51x1,0,10
27,1,10
1x42,0,10
224,1,10
70x1,0,10
21,1,10
1106,0,10
911x,0,10
79,1,10
98,1,10
473,1,10
5,1,10
x700,0,10
04xx,0,10
47,1,10
27,1,10
70,1,10
3x89,0,10
59,1,10
61,1,10
31x5,0,10
83,1,10
5x62,0,10
283,1,10
55,1,10
49,1,10
284x,0,10
34,1,10
x472,0,10
317x,0,10
3668,0,10
x230,0,10
x139,0,10
x007,0,10
0x05,0,10
409,1,10
x886,0,10
47x6,0,10
87,1,10
798x,0,10
x533,0,10
22,1,10
517,1,10
576x,0,10
61,1,10
50,1,10
0x27,0,10
x8x6,0,10
2x74,0,10
886x,0,10
6523,1,10
77,1,10
90,1,10
xx74,0,10
x507,0,10
98,1,10
637,0,10
6x38,0,10
1x79,0,10
89,1,10
62x8,0,10
23,1,10
0x97,0,10
441x,0,10
46xx,0,10
2,1,10
45x2,0,10
1x66,0,10
898,1,10
75,1,10
x418,0,10
x05x,0,10
941,1,10
519x,0,10
29x4,0,10
85,1,10
3188,1,10
61,1,10
0x55,0,10
x56x,0,10
6x50,0,10
96x8,0,10
4x08,0,10
x384,0,10
50,1,10
x615,0,10
3x1x,0,10
31,1,10
77,1,10
2293,1,10
1x6x,0,10
4x84,0,10
8,1,10
89x8,0,10
78,1,10
21,1,10
61,1,10
673,1,10
57,1,10
6x46,0,10
632,1,10
x379,0,10
915,1,10
43,1,10
95,1,10
5,1,10
221,1,10
277x,0,10
88xx,0,10
75,1,10
x621,0,10
65,1,10
32x7,0,10
2x75,0,10
65,1,10
x07x,0,10
x150,0,10
6x56,0,10
x864,0,10
x444,0,10
9x22,0,10
x317,0,10
28,1,10
95x5,0,10
5xx8,0,10
139,1,10
1x00,0,10
165,1,10
94x3,0,10
93,1,10
x388,0,10
2399,1,10
78,1,10
41,1,10
64x6,0,10
28x1,0,10
078x,0,10
xx39,0,10
35,1,10
164,1,10
60,1,10
49,1,10
93,1,10
9x77,0,10
552x,0,10
608x,0,10
579x,0,10
71,1,10
x812,0,10
644,1,10
x334,0,10
x097,0,10
4x70,0,10
21x6,0,10
x124,0,10
9x93,0,10
334,1,10
4x10,0,10
x8x5,0,10
63,1,10
xx92,0,10
35,1,10
96x8,0,10
366,1,10
61,1,10
5x67,0,10
3x58,0,10
700,1,10
x032,0,10
4x7x,0,10
289x,0,10
163,1,10
xx55,0,10
73,1,10
x572,0,10
5x27,0,10
55,1,10
28,1,10
963x,0,10
580,1,10
6x39,0,10
954,1,10
20,1,10
39,1,10
x270,0,10
59xx,0,10
033x,0,10
4x57,0,10
66,1,10
085x,0,10
50,1,10
19x0,0,10
98,1,10
25x1,0,10
45x9,0,10
365x,0,10
366,1,10
187x,0,10
81,1,10
87,1,10
x7x6,0,10
43,1,10
78,1,10
x411,0,10
x467,0,10
79x5,0,10
34x6,0,10
5332,1,10
277,1,10
x494,0,10
86,1,10
x818,0,10
9x97,0,10
856,1,10
9x31,0,10
8643,0,10
x246,0,10
9x3x,0,10
42x4,0,10
x269,0,10
533x,0,10
65,1,10
78,1,10
04x0,0,10
2x48,0,10
6x54,0,10
x740,0,10
6442,1,10
767,1,10
82x1,0,10
17,1,10
34,1,10
xx27,0,10
xx28,0,10
84,1,10
x104,0,10
x8x8,0,10
7,1,10
49,1,10
656x,0,10
x7x9,0,10
382x,0,10
64x6,0,10
90x1,0,10
36,1,10
xx53,0,10
18,1,10
854,1,10
51,1,10
7x72,0,10
3xx7,0,10
x033,0,10
512x,0,10
942x,0,10
65,1,10
705,1,10
20xx,0,10
439,1,10
7x71,0,10
7x82,0,10
3x74,0,10
x282,0,10
31x5,0,10
234x,0,10
940x,0,10
x2x3,0,10
1001,0,10
6,1,10
7x12,0,10
75,1,10
276x,0,10
1x55,0,10
x441,0,10
335x,0,10
039x,0,10
65,1,10
45,1,10
681,1,10
642x,0,10
15x5,0,10
687x,0,10
x285,0,10
1x79,0,10
4x97,0,10
52x1,0,10
607,1,10
5x74,0,10
x048,0,10
x602,0,10
206x,0,10
457,1,10
693x,0,10
4x97,0,10
216,1,10
94,1,10
28,1,10
1x00,0,10
6749,1,10
6x14,0,10
x042,0,10
822,1,10
x37x,0,10
93x9,0,10
65x6,0,10
x6x5,0,10
22,1,10
800x,0,10
33,1,10
955x,0,10
x890,0,10
79,1,10
3x30,0,10
747x,0,10
0x44,0,10
17x1,0,10
870x,0,10
4,1,10
1x82,0,10
63,1,10
086x,0,10
59,1,10
588x,0,10
1x82,0,10
3,1,10
681x,0,10
4xx7,0,10
985x,0,10
9,1,10
x894,0,10
11,1,10
27x9,0,10
148,1,10
x18x,0,10
0x90,0,10
4x77,0,10
93,1,10
16,1,10
887x,0,10
1x81,0,10
1x77,0,10
9x18,0,10
x595,0,10
x058,0,10
x2x5,0,10
53x6,0,10
1x91,0,10
x424,0,10
86x5,0,10
24,1,10
23x9,0,10
7x72,0,10
67,1,10
x375,0,10
5xx9,0,10
47x8,0,10
5x98,0,10
7xx4,0,10
x162,0,10
47x1,0,10
4x3x,0,10
25,1,10
47x1,0,10
3x89,0,10
24x5,0,10
451x,0,10
21,1,10
0,1,10
42,1,10
57,1,10
59,1,10
78,1,10
82,1,10
142x,0,10
1x68,0,10
373x,0,10
x6x7,0,10
975x,0,10
502x,0,10
137x,0,10
x829,0,10
908x,0,10
45,1,10
5xx3,0,10
99x1,0,10
97,1,10
37,1,10
88,1,10
8,1,10
4x42,0,10
399x,0,10
5x02,0,10
x891,0,10
43x3,0,10
561,1,10
425,1,10
96xx,0,10
x815,0,10
0x17,0,10
0x00,0,10
4,1,10
37,1,10
47x9,0,10
x60x,0,10
65x1,0,10
x947,0,10
657,1,10
2,1,10
856,1,10
64,1,10
12,1,10
48,1,10
x9x4,0,10
88,1,10
40,1,10
20x7,0,10
26,1,10
20,1,10
1979,1,10
1084,0,10
8,1,10
68,1,10
2x56,0,10
89,1,10
28,1,10
0x98,0,10
18,1,10
9799,1,10
31x7,0,10
13x0,0,10
x134,0,10
082x,0,10
6x57,0,10
748,1,10
29x7,0,10
x202,0,10
32,1,10
x464,0,10
711,1,10
74,1,10
42x7,0,10
211,1,10
9412,1,10
x033,0,10
4x46,0,10
89,1,10
x816,0,10
x207,0,10
x827,0,10
5,1,10
47,1,10
941x,0,10
333,1,10
x418,0,10
79,1,10
576,1,10
x6x1,0,10
26,1,10
53,1,10
5x27,0,10
0x87,0,10
85x9,0,10
50x5,0,10
9x60,0,10
69,1,10
606,1,10
1x92,0,10
59,1,10
948x,0,10
9x49,0,10
982x,0,10
5x46,0,10
x789,0,10
x219,0,10
945,1,10
29,1,10
x681,0,10
665,1,10
84,1,10
83,1,10
94x4,0,10
92,1,10
x646,0,10
18,1,10
454,1,10
48,1,10
8x21,0,10
80,1,10
92,1,10
64x0,0,10
859,1,10
6409,1,10
x369,0,10
x181,0,10
59x1,0,10
63,1,10
9008,1,10
5x65,0,10
464x,0,10
4x44,0,10
99,1,10
1x87,0,10
24x3,0,10
x4x5,0,10
38x2,0,10
017x,0,10
17,1,10
x325,0,10
58,1,10
48,1,10
17,1,10
28x5,0,10
42,1,10
2x58,0,10
5x86,0,10
x551,0,10
37,1,10
701x,0,10
65,1,10
828x,0,10
65,1,10
x447,0,10
54xx,0,10
x995,0,10
35,1,10
87,1,10
307,1,10
26,1,10
1x75,0,10
x610,0,10
996x,0,10
x633,0,10
x729,0,10
20,1,10
28,1,10
6x88,0,10
170x,0,10
x247,0,10
37x2,0,10
5x16,0,10
681x,0,10
8,1,10
5x56,0,10
046x,0,10
77x0,0,10
228,1,10
1x03,0,10
87,1,10
26,1,10
8x38,0,10
x863,0,10
0,1,10
0x22,0,10
27,1,10
27x9,0,10
89,1,10
9xx9,0,10
x341,0,10
33,1,10
0x38,0,10
x640,0,10
673x,0,10
98,1,10
89,1,10
9x6x,0,10
1x89,0,10
x927,0,10
0x68,0,10
2x57,0,10
727,1,10
890x,0,10
3,1,10
8x00,0,10
6x94,0,10
648,1,10
63x5,0,10
x436,0,10
5x26,0,10
6032,1,10
83x4,0,10
39,1,10
95,1,10
x620,0,10
415,1,10
286,1,10
232x,0,10
735x,0,10
x399,0,10
666,1,10
5x87,0,10
x81x,0,10
1996,1,10
8x81,0,10
x687,0,10
75,1,10
0x56,0,10
x710,0,10
160x,0,10
971x,0,10
97x5,0,10
34,1,10
222x,0,10
587,1,10
98,1,10
126,1,10
1x97,0,10
52,1,10
75,1,10
292x,0,10
0x39,0,10
316x,0,10
325x,0,10
811x,0,10
34,1,10
97x9,0,10
x899,0,10
x778,0,10
89,1,10
2x00,0,10
71x6,0,10
613x,0,10
24,1,10
63,1,10
1577,0,10
45,1,10
2x2x,0,10
392x,0,10
9,1,10
389x,0,10
1855,0,10
0,1,10
8x52,0,10
482,1,10
7893,1,10
4x56,0,10
0x64,0,10
31,1,10
x431,0,10
x67x,0,10
9x60,0,10
x634,0,10
x486,0,10
x00x,0,10
x8x2,0,10
1x93,0,10
90x4,0,10
96,1,10
25x3,0,10
339x,0,10
8x56,0,10
8843,0,10
45,1,10
699x,0,10
799,1,10
3x22,0,10
707x,0,10
05x0,0,10
91,1,10
34x0,0,10
3xx9,0,10
3x86,0,10
11,1,10
x9x2,0,10
96,1,10
4x95,0,10
52,1,10
x591,0,10
930x,0,10
567x,0,10
65,1,10
56,1,10
19,1,10
942x,0,10
99xx,0,10
789x,0,10
1810,1,10
12,1,10
015x,0,10
81,1,10
2x54,0,10
358x,0,10
27x9,0,10
82,1,10
85xx,0,10
610x,0,10
6xx8,0,10
106x,0,10
82,1,10
68,1,10
69,1,10
x122,0,10
x980,0,10
69,1,10
071x,0,10
66x3,0,10
6x95,0,10
21,1,10
591,1,10
54,1,10
16,1,10
28x6,0,10
77x1,0,10
27,1,10
887,1,10
73,1,10
7x49,0,10
6x48,0,10
93x6,0,10
x4x2,0,10
75,1,10
764,1,10
x161,0,10
x773,0,10
62,1,10
61,1,10
52,1,10
20,1,10
655x,0,10
1x95,0,10
x887,0,10
6,1,10
x119,0,10
864x,0,10
970,1,10
488,1,10
587x,0,10
3x1x,0,10
x360,0,10
21,1,10
8,1,10
78x4,0,10
x268,0,10
879,1,10
x38x,0,10
528x,0,10
9x26,0,10
4x54,0,10
5x34,0,10
3034,0,10
17x8,0,10
x247,0,10
7x25,0,10
x026,0,10
770,1,10
x71x,0,10
50,1,10
83,1,10
x597,0,10
19x4,0,10
85x5,0,10
2x98,0,10
792x,0,10
75,1,10
44,1,10
551x,0,10
789x,0,10
1x05,0,10
60xx,0,10
59,1,10
11,1,10
x076,0,10
5x52,0,10
x668,0,10
3394,1,10
xx53,0,10
205,1,10
798x,0,10
x352,0,10
990x,0,10
99x7,0,10
76,1,10
84,1,10
x660,0,10
x349,0,10
9x35,0,10
x628,0,10
x87x,0,10
65x5,0,10
11x8,0,10
520x,0,10
4x14,0,10
x369,0,10
37x3,0,10
x676,0,10
294x,0,10
940,1,10
79,1,10
42,1,10
137x,0,10
705x,0,10
957,1,10
4,1,10
47,1,10
x103,0,10
64x2,0,10
24,1,10
04x7,0,10
6xx2,0,10
4x27,0,10
9x49,0,10
313x,0,10
87,1,10
54,1,10
10x2,0,10
9x74,0,10
74,1,10
23,1,10
9x53,0,10
x8x7,0,10
42x5,0,10
33,1,10
632x,0,10
31x9,0,10
2x89,0,10
0x05,0,10
853x,0,10
50,1,10
6569,1,10
600,1,10
301x,0,10
x219,0,10
97,1,10
16x8,0,10
64,1,10
272x,0,10
61,1,10
16x6,0,10
29,1,10
23x0,0,10
x67x,0,10
50x1,0,10
x16x,0,10
97,1,10
84,1,10
42x4,0,10
8409,1,10
205,1,10
22,1,10
2xx9,0,10
36,1,10
2754,1,10
2x2x,0,10
92,1,10
81,1,10
92,1,10
1x30,0,10
96,1,10
72,1,10
x692,0,10
x198,0,10
90,1,10
791,1,10
453,1,10
61xx,0,10
2x50,0,10
288,1,10
97x3,0,10
87,1,10
675,1,10
19,1,10
678x,0,10
77,1,10
62,1,10
1x81,0,10
x926,0,10
14,1,10
475x,0,10
78,1,10
594,1,10
4x81,0,10
74,1,10
2,1,10
45,1,10
1350,1,10
512x,0,10
0x64,0,10
494,1,10
33,1,10
81,1,10
78,1,10
963,1,10
3,1,10
33x0,0,10
48,1,10
9x98,0,10
x378,0,10
3x15,0,10
185,1,10
22,1,10
966x,0,10
174x,0,10
x8x7,0,10
x447,0,10
x702,0,10
x478,0,10
7x88,0,10
75x8,0,10
33,1,10
56,1,10
227,1,10
84,1,10
10,1,10
x307,0,10
44x0,0,10
438x,0,10
41x1,0,10
59,1,10
618,1,10
x125,0,10
x7x3,0,10
9xx4,0,10
2004,1,10
1x91,0,10
x914,0,10
52,1,10
xx27,0,10
60,1,10
21,1,10
x153,0,10
262x,0,10
81x6,0,10
21,1,10
88x3,0,10
185,1,10
43,1,10
7x2x,0,10
63,1,10
327x,0,10
0x7x,0,10
63x5,0,10
x739,0,10
x876,0,10
67,1,10
68,1,10
503,1,10
89,1,10
69,1,10
95,1,10
336,1,10
513x,0,10
299x,0,10
72,1,10
238,1,10
85,1,10
28x6,0,10
8,1,10
7x88,0,10
21,1,10
12,1,10
1,1,10
27,1,10
x355,0,10
27x9,0,10
47x8,0,10
x198,0,10
42,1,10
0x22,0,10
4x18,0,10
2,1,10
4088,0,10
x866,0,10
748x,0,10
2,1,10
214,1,10
41x3,0,10
2x56,0,10
6x01,0,10
93x8,0,10
107,1,10
1x77,0,10
9284,1,10
34,1,10
400x,0,10
1717,1,10
739x,0,10
39,1,10
14x2,0,10
306x,0,10
557,1,10
670x,0,10
151,1,10
9584,1,10
77,1,10
14,1,10
886x,0,10
423x,0,10
561,1,10
30x4,0,10
79,1,10
843x,0,10
87x8,0,10
268x,0,10
x436,0,10
60,1,10
6x82,0,10
x609,0,10
095x,0,10
0x57,0,10
33,1,10
84x8,0,10
33,1,10
46x9,0,10
57,1,10
161x,0,10
49x8,0,10
69xx,0,10
x698,0,10
320,1,10
5x82,0,10
63x2,0,10
750,1,10
9xx1,0,10
56,1,10
398x,0,10
x219,0,10
x771,0,10
37,1,10
6x83,0,10
669x,0,10
7,1,10
79x2,0,10
9904,1,10
91,1,10
657x,0,10
506,1,10
x122,0,10
x795,0,10
x135,0,10
0,1,10
6092,0,10
xx70,0,10
836,1,10
3x74,0,10
5x47,0,10
x967,0,10
30,1,10
426x,0,10
29x4,0,10
43,1,10
x0x1,0,10
5370,1,10
5xx1,0,10
2x40,0,10
118x,0,10
0x25,0,10
842,1,10
0x17,0,10
750,1,10
630x,0,10
890x,0,10
305,1,10
5x36,0,10
0,1,10
1,1,10
22,1,10
388x,0,10
x434,0,10
x076,0,10
608,1,10
78,1,10
4,1,10
9,1,10
55,1,10
x249,0,10
xx33,0,10
27,1,10
8x6x,0,10
0x87,0,10
xx06,0,10
67x8,0,10
97,1,10
70,1,10
58xx,0,10
214x,0,10
1x43,0,10
18,1,10
9x37,0,10
31,1,10
x199,0,10
7x67,0,10
x734,0,10
x240,0,10
35,1,10
7x48,0,10
85,1,10
x851,0,10
444x,0,10
x319,0,10
8x39,0,10
82,1,10
9x23,0,10
579x,0,10
358x,0,10
15x5,0,10
6x3x,0,10
53,1,10
x6x7,0,10
8x43,0,10
x993,0,10
5x26,0,10
100x,0,10
x163,0,10
57,1,10
265x,0,10
x720,0,10
7x59,0,10
592x,0,10
71,1,10
63,1,10
248,1,10
56,1,10
04x0,0,10
5x43,0,10
0,1,10
680,1,10
92x7,0,10
3x73,0,10
6x50,0,10
425x,0,10
76x5,0,10
x9x3,0,10
17x0,0,10
105,1,10
6xx9,0,10
6x74,0,10
335,1,10
61x5,0,10
1x25,0,10
8x93,0,10
x398,0,10
x197,0,10
41x5,0,10
89x6,0,10
60,1,10
1x76,0,10
14,1,10
68x4,0,10
x845,0,10
59,1,10
12,1,10
95x0,0,10
6x46,0,10
808x,0,10
1x04,0,10
x599,0,10
x2x4,0,10
75x3,0,10
822x,0,10
75,1,10
3614,1,10
4x00,0,10
86,1,10
99x8,0,10
47,1,10
055x,0,10
xx75,0,10
0x61,0,10
7xx3,0,10
9546,0,10
2x08,0,10
328,1,10
8x77,0,10
2x60,0,10
650,1,10
25,1,10
9x04,0,10
5x12,0,10
244x,0,10
9x89,0,10
x349,0,10
16,1,10
9x44,0,10
7668,0,10
585x,0,10
1x58,0,10
89,1,10
39,1,10
292,1,10
x7x0,0,10
358x,0,10
5x62,0,10
68,1,10
5395,0,10
x018,0,10
577x,0,10
11x8,0,10
x195,0,10
64,1,10
760x,0,10
5x64,0,10
4,1,10
x718,0,10
x402,0,10
x095,0,10
77x1,0,10
x828,0,10
19,1,10
7719,1,10
x822,0,10
x049,0,10
90,1,10
1x28,0,10
x247,0,10
759,1,10
69,1,10
1x1x,0,10
1xx6,0,10
x550,0,10
71,1,10
32,1,10
842x,0,10
2,1,10
11x6,0,10
05x7,0,10
x568,0,10
94,1,10
17x8,0,10
2x50,0,10
54,1,10
65x5,0,10
75x4,0,10
84x3,0,10
7x19,0,10
2x23,0,10
289x,0,10
775x,0,10
96,1,10
0x52,0,10
74,1,10
x49x,0,10
19xx,0,10
46,1,10
4x2x,0,10
x871,0,10
5xx5,0,10
84,1,10
97x3,0,10
x085,0,10
5,1,10
108,1,10
8791,0,10
67,1,10
210,1,10
6204,1,10
52x6,0,10
36,1,10
2x82,0,10
88,1,10
73x6,0,10
278x,0,10
3,1,10
83x8,0,10
80,1,10
4x53,0,10
x364,0,10
39,1,10
292x,0,10
44,1,10
43x7,0,10
x033,0,10
86x3,0,10
53x3,0,10
6x77,0,10
406,1,10
944x,0,10
73x2,0,10
4x12,0,10
39x2,0,10
97xx,0,10
3x37,0,10
67,1,10
8x52,0,10
94x4,0,10
x072,0,10
9,1,10
78,1,10
1x53,0,10
x7x5,0,10
x474,0,10
5x33,0,10
x031,0,10
6x56,0,10
35x6,0,10
713,1,10
275x,0,10
8,1,10
41x0,0,10
61x7,0,10
944x,0,10
299x,0,10
5148,1,10
1x89,0,10
487x,0,10
9970,1,10
85x9,0,10
03x1,0,10
xx10,0,10
39,1,10
2x22,0,10
819x,0,10
x134,0,10
25xx,0,10
48,1,10
x139,0,10
979,1,10
13,1,10
944x,0,10
7882,1,10
x271,0,10
5x75,0,10
x162,0,10
58xx,0,10
x85x,0,10
xx56,0,10
882x,0,10
614x,0,10
55,1,10
3x87,0,10
47,1,10
26,1,10
29,1,10
23x2,0,10
41,1,10
65,1,10
87,1,10
48,1,10
26,1,10
26,1,10
x316,0,10
287,1,10
x700,0,10
48,1,10
91,1,10
439x,0,10
26,1,10
87,1,10
x317,0,10
397x,0,10
xx49,0,10
10,1,10
x537,0,10
x967,0,10
338x,0,10
0xx7,0,10
391,1,10
50,1,10
66,1,10
244x,0,10
84,1,10
94x0,0,10
98xx,0,10
37,1,10
5x91,0,10
088x,0,10
x663,0,10
2x27,0,10
7x67,0,10
220x,0,10
26x7,0,10
00x7,0,10
62,1,10
x616,0,10
1x70,0,10
86,1,10
17x4,0,10
98,1,10
592x,0,10
57,1,10
16x4,0,10
986,1,10
5xx4,0,10
4x26,0,10
x834,0,10
46,1,10
9029,1,10
x610,0,10
64,1,10
5x09,0,10
38,1,10
9,1,10
661x,0,10
70x7,0,10
65,1,10
02x6,0,10
16x2,0,10
x563,0,10
91,1,10
86x4,0,10
7032,1,10
38,1,10
12,1,10
22,1,10
x703,0,10
x367,0,10
2,1,10
1,1,10
99x5,0,10
6947,1,10
2x20,0,10
6,1,10
00x0,0,10
45x0,0,10
72,1,10
286x,0,10
538,1,10
43,1,10
624x,0,10
225x,0,10
13x4,0,10
543x,0,10
59,1,10
873,1,10
4x51,0,10
115,1,10
79,1,10
x888,0,10
849x,0,10
x410,0,10
47,1,10
61,1,10
xx23,0,10
0x9x,0,10
60xx,0,10
x516,0,10
2,1,10
49xx,0,10
x912,0,10
xx64,0,10
x390,0,10
7912,0,10
x85x,0,10
51xx,0,10
452x,0,10
4999,0,10
x218,0,10
66x3,0,10
6x57,0,10
x751,0,10
76,1,10
336,1,10
69,1,10
xx98,0,10
65x5,0,10
1267,1,10
91,1,10
678,1,10
77,1,10
94,1,10
4,1,10
42x6,0,10
5,1,10
82,1,10
166x,0,10
79,1,10
230x,0,10
46,1,10
x686,0,10
60,1,10
xx03,0,10
x987,0,10
x926,0,10
9408,0,10
56x9,0,10
01x3,0,10
9xx5,0,10
6x56,0,10
760x,0,10
4x0x,0,10
7x1x,0,10
15,1,10
380,1,10
86,1,10
065x,0,10
860x,0,10
34x7,0,10
40x2,0,10
85,1,10
x4x0,0,10
42x7,0,10
x179,0,10
40,1,10
x418,0,10
739x,0,10
16,1,10
74,1,10
50x1,0,10
742,1,10
6x79,0,10
63x1,0,10
x773,0,10
346x,0,10
443,0,10
xx97,0,10
03x3,0,10
8x4x,0,10
3x47,0,10
98,1,10
x508,0,10
1xx5,0,10
70,1,10
92,1,10
x542,0,10
1x44,0,10
1,1,10
4461,1,10
336,1,10
x186,0,10
6x97,0,10
452,1,10
32x4,0,10
62x9,0,10
96,1,10
26,1,10
9x00,0,10
53x1,0,10
4x94,0,10
0x07,0,10
x836,0,10
x695,0,10
5971,1,10
22,1,10
8xx3,0,10
2x60,0,10
97x8,0,10
1718,1,10
x4x0,0,10
774x,0,10
39xx,0,10
23,1,10
7x58,0,10
xx64,0,10
69,1,10
75,1,10
5360,1,10
525,1,10
37x7,0,10
383x,0,10
38x5,0,10
10,1,10
1xx4,0,10
4x41,0,10
396,1,10
97,1,10
47,1,10
825x,0,10
39,1,10
27,1,10
17,1,10
5xx1,0,10
x407,0,10
7,1,10
1,1,10
487x,0,10
250,1,10
49,1,10
87,1,10
775x,0,10
191x,0,10
8502,1,10
85xx,0,10
335x,0,10
694x,0,10
1x84,0,10
336,1,10
x877,0,10
x738,0,10
080x,0,10
90xx,0,10
689x,0,10
367,1,10
89x3,0,10
0x9x,0,10
x827,0,10
95x8,0,10
4x48,0,10
91x5,0,10
52,1,10
x46x,0,10
973x,0,10
x809,0,10
44x7,0,10
2xx4,0,10
72,1,10
923x,0,10
142,1,10
61,1,10
39xx,0,10
x824,0,10
419,1,10
8,1,10
6xx2,0,10
67,1,10
83,1,10
98x9,0,10
9x95,0,10
8,1,10
158,1,10
15,1,10
5x59,0,10
078x,0,10
x682,0,10
447x,0,10
3x62,0,10
18,1,10
71,1,10
798x,0,10
69,1,10
x7x1,0,10
282,1,10
x663,0,10
99,1,10
38,1,10
9x16,0,10
x883,0,10
8x5x,0,10
x105,0,10
8391,1,10
115x,0,10
8x75,0,10
778x,0,10
3x77,0,10
95,1,10
79x7,0,10
4632,1,10
442,1,10
612x,0,10
x7x2,0,10
525x,0,10
20x8,0,10
64,1,10
438x,0,10
4499,1,10
83,1,10
328x,0,10
0x93,0,10
8x8x,0,10
x310,0,10
8xx3,0,10
40,1,10
8x46,0,10
55x3,0,10
23,1,10
86x9,0,10
x346,0,10
61,1,10
78x3,0,10
2783,0,10
68,1,10
xx87,0,10
7225,1,10
x466,0,10
4x15,0,10
x855,0,10
027x,0,10
0x19,0,10
516,1,10
23,1,10
29,1,10
596,1,10
x037,0,10
0x8x,0,10
51,1,10
13x5,0,10
3,1,10
10,1,10
x942,0,10
x6x6,0,10
x256,0,10
72,1,10
x719,0,10
1x00,0,10
54x3,0,10
2x38,0,10
x395,0,10
x900,0,10
xx24,0,10
28,1,10
25x3,0,10
321x,0,10
95,1,10
x173,0,10
404x,0,10
36x2,0,10
711,1,10
2x83,0,10
483,1,10
x924,0,10
x571,0,10
726,1,10
6x39,0,10
958x,0,10
3x34,0,10
2x6x,0,10
7x7x,0,10
54,1,10
x560,0,10
241x,0,10
3x99,0,10
11,1,10
x8x4,0,10
x954,0,10
x152,0,10
x531,0,10
8x06,0,10
44,1,10
384,1,10
9,1,10
3x87,0,10
70,1,10
497x,0,10
68,1,10
875x,0,10
5,1,10
13x3,0,10
353x,0,10
x516,0,10
x4x4,0,10
707x,0,10
181,1,10
284x,0,10
50,1,10
8x2x,0,10
6x60,0,10
975x,0,10
5x41,0,10
481x,0,10
x420,0,10
0x71,0,10
x593,0,10
77,1,10
16x8,0,10
410x,0,10
18,1,10
74x9,0,10
20,1,10
19,1,10
032x,0,10
7x06,0,10
29,1,10
122x,0,10
151x,0,10
449x,0,10
685x,0,10
749x,0,10
7071,0,10
x391,0,10
4664,1,10
831,1,10
614x,0,10
8x19,0,10
346,1,10
75x8,0,10
644,1,10
49x8,0,10
x453,0,10
62,1,10
286x,0,10
526,1,10
xx48,0,10
9x94,0,10
27x7,0,10
3014,1,10
4x54,0,10
44,1,10
01x0,0,10
12,1,10
x751,0,10
6x40,0,10
x706,0,10
37x0,0,10
x669,0,10
0x3x,0,10
x415,0,10
808x,0,10
62x6,0,10
74,1,10
2x7x,0,10
22,1,10
696x,0,10
64x6,0,10
618x,0,10
38,1,10
8xx0,0,10
x902,0,10
x944,0,10
91x3,0,10
3x79,0,10
x921,0,10
91x4,0,10
26,1,10
368x,0,10
72,1,10
6x84,0,10
55x9,0,10
66x9,0,10
2274,1,10
9115,1,10
44,1,10
60,1,10
60,1,10
58,1,10
09x4,0,10
30,1,10
94,1,10
x975,0,10
xx57,0,10
93x9,0,10
04x2,0,10
7270,0,10
48,1,10
64,1,10
071x,0,10
xx81,0,10
799,1,10
x964,0,10
x7x8,0,10
xx77,0,10
53x8,0,10
360x,0,10
5696,0,10
59,1,10
35xx,0,10
5x68,0,10
76,1,10
088x,0,10
5x30,0,10
883x,0,10
x386,0,10
09x6,0,10
63,1,10
318x,0,10
124x,0,10
x0x5,0,10
96,1,10
29,1,10
0x11,0,10
60x8,0,10
6x34,0,10
x776,0,10
81,1,10
86x4,0,10
908,1,10
31x0,0,10
24,1,10
32,1,10
167x,0,10
976,0,10
66,1,10
15,1,10
x511,0,10
xx53,0,10
60,1,10
3x1x,0,10
xx36,0,10
x119,0,10
7,1,10
60x9,0,10
63,1,10
78,1,10
985,1,10
71,1,10
x852,0,10
676,1,10
x897,0,10
74,1,10
21,1,10
25,1,10
88,1,10
79x1,0,10
98,1,10
2509,1,10
410,0,10
36,1,10
1xx9,0,10
06x9,0,10
2x59,0,10
2x10,0,10
645,1,10
5x38,0,10
76,1,10
546x,0,10
3x7x,0,10
6x2x,0,10
x040,0,10
x825,0,10
90xx,0,10
83x3,0,10
169x,0,10
x413,0,10
xx01,0,10
8355,1,10
5x16,0,10
48,1,10
415x,0,10
91,1,10
x128,0,10
91x2,0,10
14,1,10
x272,0,10
61x1,0,10
x619,0,10
818x,0,10
354,1,10
xx45,0,10
85,1,10
717,1,10
74x5,0,10
315x,0,10
37,1,10
26,1,10
2x08,0,10
552x,0,10
001x,0,10
28,1,10
22,1,10
2x31,0,10
5xx7,0,10
17,1,10
0x62,0,10
279x,0,10
387x,0,10
759,1,10
11,1,10
47,1,10
9x64,0,10
86,1,10
82x0,0,10
4x35,0,10
x093,0,10
29x1,0,10
62x4,0,10
04x8,0,10
8x28,0,10
20,1,10
61x6,0,10
88x3,0,10
209,1,10
77,1,10
28x6,0,10
26,1,10
x278,0,10
98,1,10
x170,0,10
1672,1,10
707,1,10
3070,1,10
84xx,0,10
97x9,0,10
0x32,0,10
55,1,10
x261,0,10
x115,0,10
980,1,10
60x3,0,10
29x0,0,10
63,1,10
6xx3,0,10
19,1,10
222,1,10
x523,0,10
49,1,10
224x,0,10
x515,0,10
7x0x,0,10
3x38,0,10
63x3,0,10
56,1,10
x148,0,10
x676,0,10
335x,0,10
x7x9,0,10
1x62,0,10
x767,0,10
375x,0,10
96x0,0,10
7x1x,0,10
41,1,10
55,1,10
2xx0,0,10
49,1,10
455,1,10
34x4,0,10
32,1,10
405x,0,10
x531,0,10
667x,0,10
xx68,0,10
83x7,0,10
x992,0,10
25x0,0,10
6xx4,0,10
36,1,10
35,1,10
94x0,0,10
398x,0,10
xx85,0,10
x841,0,10
24,1,10
149x,0,10
x50x,0,10
492,1,10
05x5,0,10
424x,0,10
47xx,0,10
68,1,10
1589,1,10
82xx,0,10
46x3,0,10
x662,0,10
x774,0,10
78x2,0,10
2927,0,10
16x8,0,10
89,1,10
67x6,0,10
646x,0,10
x873,0,10
2x33,0,10
x234,0,10
8x68,0,10
77,1,10
672,1,10
9x84,0,10
92x4,0,10
60,1,10
23x5,0,10
x550,0,10
345x,0,10
32x3,0,10
47x6,0,10
45,1,10
9x96,0,10
x314,0,10
7,1,10
906x,0,10
770,1,10
14,1,10
x259,0,10
428x,0,10
75x2,0,10
18x9,0,10
653,1,10
72,1,10
7,1,10
34x5,0,10
12,1,10
69x4,0,10
8,1,10
14,1,10
46,1,10
849x,0,10
6x56,0,10
x624,0,10
x670,0,10
8x61,0,10
3x94,0,10
423,0,10
6,1,10
x334,0,10
6x93,0,10
72x0,0,10
x890,0,10
352x,0,10
41,1,10
x918,0,10
662x,0,10
99,1,10
19x1,0,10
32x1,0,10
70x4,0,10
0x90,0,10
917x,0,10
22x0,0,10
920x,0,10
551,1,10
x424,0,10
379x,0,10
3,1,10
248,1,10
40,1,10
21x6,0,10
083x,0,10
x9x8,0,10
115x,0,10
69,1,10
46,1,10
17,1,10
xx35,0,10
64x4,0,10
505,1,10
53,1,10
719,1,10
625x,0,10
49x0,0,10
461x,0,10
88x1,0,10
45x2,0,10
15x7,0,10
0,1,10
x719,0,10
989x,0,10
6x71,0,10
6x24,0,10
00x4,0,10
8x88,0,10
x292,0,10
46,1,10
73,1,10
x518,0,10
95,1,10
204x,0,10
55,1,10
x165,0,10
x177,0,10
11,1,10
020x,0,10
4x60,0,10
49,1,10
41x2,0,10
7x9x,0,10
2x90,0,10
97,1,10
35x4,0,10
05x2,0,10
23,1,10
12x2,0,10
863,1,10
24,1,10
36,1,10
8x17,0,10
46,1,10
0x71,0,10
1x39,0,10
306x,0,10
2,1,10
39,1,10
555x,0,10
x776,0,10
x827,0,10
4xx3,0,10
x524,0,10
200x,0,10
41,1,10
1x73,0,10
x250,0,10
93,1,10
2x44,0,10
88,1,10
161,1,10
105x,0,10
725x,0,10
060x,0,10
39x6,0,10
376,1,10
41,1,10
3055,1,10
131,1,10
48x3,0,10
89,1,10
9994,1,10
95x7,0,10
x295,0,10
285x,0,10
747,1,10
x573,0,10
57,1,10
263x,0,10
79x5,0,10
181x,0,10
18,1,10
61,1,10
x308,0,10
141x,0,10
23,1,10
29,1,10
x911,0,10
46,1,10
74x0,0,10
667,1,10
12x9,0,10
53,1,10
83,1,10
9x66,0,10
173,1,10
6208,1,10
276,1,10
56,1,10
0x2x,0,10
3xx1,0,10
69,1,10
6x78,0,10
024x,0,10
34,1,10
28,1,10
32,1,10
810x,0,10
12,1,10
3875,1,10
48x7,0,10
4,1,10
2x72,0,10
64x7,0,10
2xx1,0,10
42,1,10
048x,0,10
9,1,10
39,1,10
79,1,10
369x,0,10
1x20,0,10
183x,0,10
33,1,10
930x,0,10
914x,0,10
636x,0,10
53,1,10
x336,0,10
35,1,10
2x84,0,10
543x,0,10
x273,0,10
3x56,0,10
51,1,10
14x2,0,10
199,1,10
1300,1,10
701x,0,10
48x7,0,10
3x53,0,10
634x,0,10
79,1,10
828x,0,10
66,1,10
1x71,0,10
24x3,0,10
12x2,0,10
38,1,10
92x0,0,10
3,1,10
90,1,10
87x4,0,10
3x3x,0,10
8x54,0,10
52x5,0,10
565,1,10
572x,0,10
11,1,10
45x1,0,10
3275,1,10
199x,0,10
828x,0,10
1x16,0,10
4x43,0,10
8x21,0,10
x544,0,10
48x5,0,10
x439,0,10
49x4,0,10
x364,0,10
285x,0,10
004x,0,10
51,1,10
x183,0,10
7xx6,0,10
966x,0,10
8x86,0,10
6620,1,10
x851,0,10
x428,0,10
58x6,0,10
9171,1,10
49x2,0,10
6x31,0,10
x692,0,10
707x,0,10
28x8,0,10
83,1,10
9740,1,10
8x85,0,10
x247,0,10
74x4,0,10
16x7,0,10
1,1,10
x65x,0,10
x4x1,0,10
x0x0,0,10
03x0,0,10
25,1,10
623x,0,10
0x63,0,10
79,1,10
99x6,0,10
x029,0,10
141x,0,10
0x99,0,10
253x,0,10
3x88,0,10
xx63,0,10
59x0,0,10
8x67,0,10
34,1,10
19,1,10
60,1,10
66,1,10
36,1,10
769x,0,10
4366,1,10
496x,0,10
92,1,10
603,1,10
1x77,0,10
36x4,0,10
21,1,10
676,1,10
x348,0,10
6x87,0,10
7x99,0,10
30,1,10
2x17,0,10
455x,0,10
79,1,10
64,1,10
42x9,0,10
71x3,0,10
192x,0,10
4892,1,10
x330,0,10
75x8,0,10
5349,0,10
4xx8,0,10
86,1,10
8,1,10
0x68,0,10
86x2,0,10
7x42,0,10
x017,0,10
9x89,0,10
x461,0,10
719x,0,10
39x8,0,10
3x41,0,10
80x5,0,10
2788,1,10
3x42,0,10
9x82,0,10
662,1,10
x266,0,10
616x,0,10
7x8x,0,10
36x9,0,10
x993,0,10
7,1,10
67,1,10
977x,0,10
x641,0,10
59,1,10
16,1,10
469x,0,10
2x02,0,10
821,1,10
xx10,0,10
50,1,10
9x10,0,10
052x,0,10
600x,0,10
378x,0,10
914,1,10
88,1,10
54,1,10
676,1,10
72,1,10
41,1,10
73x6,0,10
3x68,0,10
801x,0,10
68,1,10
x891,0,10
30x2,0,10
7x62,0,10
13,1,10
26,1,10
53x6,0,10
7x61,0,10
9x45,0,10
50,1,10
451x,0,10
7,1,10
x031,0,10
14x9,0,10
536,1,10
76,1,10
203x,0,10
x572,0,10
42,1,10
35x5,0,10
17,1,10
96,1,10
23,1,10
x25x,0,10
073x,0,10
64,1,10
66,1,10
64,1,10
x299,0,10
x488,0,10
2,1,10
84x5,0,10
6x89,0,10
xx63,0,10
4x47,0,10
20,1,10
29x6,0,10
42,1,10
1x56,0,10
5783,1,10
236x,0,10
x028,0,10
73x0,0,10
x66x,0,10
19x8,0,10
30x9,0,10
23x5,0,10
184,1,10
9x93,0,10
xx75,0,10
812x,0,10
11,1,10
36,1,10
046x,0,10
63,1,10
7,1,10
853x,0,10
516x,0,10
52,1,10
x685,0,10
95,1,10
x385,0,10
603,1,10
38,1,10
61x0,0,10
941x,0,10
511x,0,10
96,1,10
603x,0,10
x804,0,10
x446,0,10
x28x,0,10
8749,1,10
406x,0,10
98,1,10
23,1,10
5,1,10
77,0,10
43x4,0,10
025x,0,10
x484,0,10
11,1,10
9x97,0,10
20,1,10
6x03,0,10
203x,0,10
5,1,10
40x0,0,10
740x,0,10
x900,0,10
x261,0,10
x965,0,10
31,1,10
232x,0,10
65,1,10
65x9,0,10
xx42,0,10
x996,0,10
423,1,10
645x,0,10
45x8,0,10
79,1,10
9x77,0,10
9400,1,10
37,1,10
2754,1,10
91,1,10
69,1,10
98,1,10
83,1,10
68,1,10
78,1,10
6xx6,0,10
74,1,10
741x,0,10
x288,0,10
5240,1,10
x577,0,10
x583,0,10
7x19,0,10
5x39,0,10
715,1,10
9171,1,10
41,1,10
90,1,10
x17x,0,10
71x8,0,10
24x4,0,10
25x2,0,10
61,1,10
338x,0,10
6x28,0,10
55,1,10
278,1,10
x101,0,10
50x3,0,10
x498,0,10
49x0,0,10
2x48,0,10
0x29,0,10
x048,0,10
181x,0,10
2x58,0,10
54x2,0,10
876x,0,10
98,1,10
x203,0,10
20,1,10
155,1,10
x958,0,10
96x0,0,10
86,1,10
459,1,10
x521,0,10
448x,0,10
xx20,0,10
39,1,10
86,1,10
1x35,0,10
99x3,0,10
80,1,10
23x9,0,10
x527,0,10
772,1,10
50,1,10
0,1,10
x177,0,10
2x27,0,10
6x07,0,10
29,1,10
34,1,10
x658,0,10
9x18,0,10
x976,0,10
85xx,0,10
52,1,10
765x,0,10
xx28,0,10
5x59,0,10
37,1,10
7x04,0,10
0,1,10
23x3,0,10
243x,0,10
14x5,0,10
x688,0,10
316x,0,10
57,1,10
38x8,0,10
445,0,10
x94x,0,10
27,1,10
68,1,10
5x26,0,10
059x,0,10
5xx5,0,10
75,1,10
8x85,0,10
0x12,0,10
2x74,0,10
926,1,10
81,1,10
03x9,0,10
93,1,10
84,1,10
x017,0,10
x663,0,10
38,1,10
425x,0,10
805x,0,10
493x,0,10
6x93,0,10
71,1,10
2x09,0,10
40,1,10
1x06,0,10
71,1,10
50,1,10
60xx,0,10
88,1,10
1xx6,0,10
683,1,10
x591,0,10
x286,0,10
50,1,10
6x42,0,10
4x04,0,10
74,1,10
1x66,0,10
7425,1,10
59,1,10
79x4,0,10
970x,0,10
31,1,10
x565,0,10
x373,0,10
16x3,0,10
697x,0,10
937x,0,10
59,1,10
51x8,0,10
x920,0,10
9,1,10
74,1,10
63,1,10
42,1,10
85,1,10
178,1,10
462x,0,10
x867,0,10
34,1,10
x028,0,10
x898,0,10
0x92,0,10
1x60,0,10
6831,1,10
143,1,10
70,1,10
278,1,10
8x03,0,10
77,1,10
70,1,10
563,1,10
41,1,10
14,1,10
429x,0,10
x045,0,10
13,1,10
223,1,10
2x22,0,10
48,1,10
17,1,10
x677,0,10
x953,0,10
x677,0,10
499,1,10
6x81,0,10
x336,0,10
055x,0,10
28x0,0,10
x492,0,10
26,1,10
x256,0,10
013x,0,10
10x3,0,10
72,1,10
9585,1,10
860x,0,10
14x5,0,10
51x1,0,10
62,1,10
0x16,0,10
0x81,0,10
600,1,10
x680,0,10
28,1,10
19x2,0,10
9x88,0,10
44,1,10
66,1,10
72x4,0,10
5,1,10
x871,0,10
46,1,10
79x0,0,10
x718,0,10
688,1,10
6x90,0,10
19,1,10
7x05,0,10
x098,0,10
219x,0,10
x022,0,10
99,1,10
4285,1,10
x170,0,10
xx28,0,10
840,1,10
3,1,10
30,1,10
x83x,0,10
x424,0,10
9x9x,0,10
3578,1,10
07x4,0,10
0x39,0,10
x264,0,10
1x25,0,10
61,1,10
49,1,10
19,1,10
82,1,10
x730,0,10
53x2,0,10
17,1,10
32x6,0,10
99,1,10
77,1,10
617x,0,10
315x,0,10
9x63,0,10
26x4,0,10
85x3,0,10
403,1,10
701x,0,10
83,1,10
14,1,10
93xx,0,10
798,1,10
65x9,0,10
44,1,10
041x,0,10
x933,0,10
x525,0,10
17,1,10
14x5,0,10
7x66,0,10
603,1,10
26,1,10
9x21,0,10
58x5,0,10
3x19,0,10
25xx,0,10
53,1,10
1,1,10
0x03,0,10
x916,0,10
25,1,10
10,1,10
89,1,10
650x,0,10
26,1,10
81,1,10
840x,0,10
54,1,10
296,1,10
73,1,10
718x,0,10
7x17,0,10
1x06,0,10
50,1,10
160,1,10
10,1,10
50,1,10
x838,0,10
52,1,10
285,1,10
30,1,10
76,1,10
13,1,10
296x,0,10
95x5,0,10
4x62,0,10
760,1,10
x586,0,10
49x2,0,10
32xx,0,10
305x,0,10
x263,0,10
0x70,0,10
xx83,0,10
9x50,0,10
697,1,10
89x0,0,10
542x,0,10
6x53,0,10
73,1,10
x424,0,10
x268,0,10
286x,0,10
x360,0,10
37,1,10
899x,0,10
27,1,10
872x,0,10
105x,0,10
63x4,0,10
850,1,10
14x9,0,10
074x,0,10
264,1,10
24x3,0,10
75,1,10
87,1,10
55,1,10
34x0,0,10
x36x,0,10
142x,0,10
4x89,0,10
4x91,0,10
96x3,0,10
18,1,10
81,1,10
1x39,0,10
1xx5,0,10
x927,0,10
53xx,0,10
17,1,10
46,1,10
x783,0,10
770x,0,10
55,1,10
x062,0,10
455x,0,10
30x1,0,10
x334,0,10
438x,0,10
78,1,10
4x29,0,10
6x42,0,10
90,1,10
850x,0,10
17,1,10
13,1,10
3x24,0,10
5x21,0,10
14,1,10
12,1,10
2166,1,10
x216,0,10
x463,0,10
8x27,0,10
86,1,10
73x8,0,10
49,1,10
92x2,0,10
93,1,10
649,1,10
28,1,10
x620,0,10
98,1,10
x308,0,10
29,1,10
2x28,0,10
76x3,0,10
x803,0,10
10,1,10
67,1,10
4x56,0,10
87,1,10
0x34,0,10
x0x9,0,10
701x,0,10
x322,0,10
6x35,0,10
x9x3,0,10
5x21,0,10
154x,0,10
83,1,10
4x56,0,10
x68x,0,10
5x92,0,10
94,1,10
62,1,10
749,1,10
747,1,10
127x,0,10
099x,0,10
x48x,0,10
16xx,0,10
22x4,0,10
0x01,0,10
12x8,0,10
94,1,10
58,1,10
72x3,0,10
63x2,0,10
190,1,10
2x14,0,10
59,1,10
x8x6,0,10
3xx3,0,10
980x,0,10
2148,0,10
8x69,0,10
92,1,10
86x7,0,10
2x36,0,10
750,1,10
480x,0,10
94,1,10
4x0x,0,10
91x9,0,10
xx03,0,10
53,1,10
94x1,0,10
37x6,0,10
3x52,0,10
1,1,10
699x,0,10
149,1,10
737x,0,10
14,1,10
5x82,0,10
30,1,10
35,1,10
37,1,10
75,1,10
4xx9,0,10
99,1,10
26,1,10
442x,0,10
935,1,10
232,1,10
3x1x,0,10
05x6,0,10
677x,0,10
x413,0,10
53,1,10
46x8,0,10
54,1,10
13,1,10
96,1,10
068x,0,10
861x,0,10
348,1,10
261x,0,10
91,1,10
1x14,0,10
627x,0,10
34,1,10
65,1,10
11,1,10
6x24,0,10
31x6,0,10
71,1,10
1x04,0,10
x318,0,10
105x,0,10
252x,0,10
539x,0,10
97,1,10
177,1,10
923,1,10
x482,0,10
07x2,0,10
9x0x,0,10
086x,0,10
x554,0,10
02xx,0,10
5x84,0,10
19,1,10
x014,0,10
2x1x,0,10
9x75,0,10
53,1,10
48,1,10
13x5,0,10
80x2,0,10
80x4,0,10
91x6,0,10
520,1,10
19,1,10
32,1,10
875x,0,10
92,1,10
282,1,10
55,1,10
68x8,0,10
76,1,10
70x7,0,10
48,1,10
13xx,0,10
43,1,10
11x2,0,10
5735,1,10
5024,1,10
893,1,10
1x01,0,10
95,1,10
x685,0,10
5x5x,0,10
97,1,10
19x6,0,10
8x72,0,10
255x,0,10
74,1,10
1x10,0,10
652x,0,10
9,1,10
19,1,10
371,1,10
427x,0,10
856x,0,10
57x4,0,10
15,1,10
020x,0,10
82,1,10
89,1,10
8304,0,10
42,1,10
40,1,10
804x,0,10
5x66,0,10
52x4,0,10
57,1,10
x306,0,10
3x9x,0,10
x542,0,10
x36x,0,10
96xx,0,10
919x,0,10
898x,0,10
81xx,0,10
8x14,0,10
14,1,10
6x80,0,10
8x68,0,10
5x44,0,10
63x8,0,10
150,1,10
81,1,10
600x,0,10
x73x,0,10
24,1,10
31,1,10
323,1,10
x285,0,10
32,1,10
13x7,0,10
0,1,10
50x3,0,10
64,1,10
23,1,10
x42x,0,10
5,1,10
x8x8,0,10
x153,0,10
999x,0,10
4x2x,0,10
x999,0,10
225,1,10
7x44,0,10
3x43,0,10
2x19,0,10
x603,0,10
843x,0,10
33,1,10
88xx,0,10
10,1,10
7x00,0,10
81,1,10
717x,0,10
3x38,0,10
26,1,10
26x3,0,10
994x,0,10
13,1,10
75,1,10
94x9,0,10
x052,0,10
446x,0,10
x923,0,10
63x8,0,10
7x0x,0,10
x472,0,10
9x62,0,10
487x,0,10
63,1,10
035x,0,10
37,1,10
94,1,10
8x64,0,10
158,1,10
9xx2,0,10
41,1,10
97x1,0,10
942x,0,10
23,1,10
772,1,10
9660,1,10
x31x,0,10
x305,0,10
x214,0,10
381x,0,10
870,1,10
417,1,10
49,1,10
234x,0,10
7x87,0,10
90,1,10
x30x,0,10
36,1,10
9x8x,0,10
813x,0,10
35,1,10
3x53,0,10
10,1,10
112,1,10
x798,0,10
6,1,10
89,1,10
1x83,0,10
x897,0,10
69,1,10
13,1,10
x444,0,10
93,1,10
x608,0,10
7634,1,10
41,1,10
55,1,10
966x,0,10
8x83,0,10
x97x,0,10
7514,1,10
710x,0,10
x253,0,10
22,1,10
x382,0,10
x218,0,10
37,1,10
x323,0,10
9x80,0,10
1x62,0,10
x3x0,0,10
458,1,10
11x6,0,10
9xx7,0,10
66x0,0,10
4,1,10
248x,0,10
x373,0,10
88,1,10
16,1,10
x405,0,10
58,1,10
35,1,10
12,1,10
94,1,10
76,1,10
696x,0,10
x135,0,10
10,1,10
64x9,0,10
3x8x,0,10
518,1,10
97,1,10
21,1,10
4x59,0,10
3x64,0,10
23x4,0,10
58,1,10
76,1,10
720x,0,10
x710,0,10
01x4,0,10
20x9,0,10
56,1,10
21,1,10
89,1,10
0x30,0,10
798x,0,10
32,1,10
x291,0,10
94,1,10
07x1,0,10
x399,0,10
640x,0,10
29,1,10
833x,0,10
851x,0,10
01x8,0,10
8008,1,10
43,1,10
x050,0,10
66x0,0,10
91x3,0,10
1,1,10
865x,0,10
68x2,0,10
555,1,10
2x09,0,10
17,1,10
335x,0,10
10,1,10
35xx,0,10
84,1,10
271x,0,10
097x,0,10
4x2x,0,10
561,1,10
22,1,10
3940,1,10
55x5,0,10
86x9,0,10
6x5x,0,10
95,1,10
38,1,10
61xx,0,10
5896,1,10
810x,0,10
76,1,10
322x,0,10
34x5,0,10
7x07,0,10
94,1,10
x099,0,10
843x,0,10
256,1,10
570x,0,10
9064,1,10
9840,0,10
89,1,10
809x,0,10
48x2,0,10
x135,0,10
91x5,0,10
81x9,0,10
304,1,10
81x0,0,10
6x74,0,10
x386,0,10
x713,0,10
40,1,10
88x5,0,10
5x31,0,10
90x1,0,10
685,1,10
x795,0,10
503x,0,10
6x6x,0,10
x51x,0,10
75,1,10
48,1,10
050x,0,10
27,1,10
x564,0,10
5,1,10
7x09,0,10
48,1,10
30x6,0,10
49,1,10
457x,0,10
13,1,10
0,1,10
x7x4,0,10
21,1,10
x693,0,10
64,1,10
20,1,10
281x,0,10
460x,0,10
4x01,0,10
69,1,10
973,1,10
39x6,0,10
x563,0,10
29,1,10
x539,0,10
50x8,0,10
x313,0,10
35,1,10
268,1,10
66x1,0,10
79,1,10
14,1,10
90x5,0,10
476x,0,10
01x9,0,10
8x67,0,10
52,1,10
902x,0,10
33,1,10
95,1,10
x062,0,10
x537,0,10
353,1,10
44,1,10
264x,0,10
88x0,0,10
057x,0,10
x8x3,0,10
0x22,0,10
091x,0,10
937x,0,10
x281,0,10
551,1,10
63,1,10
30,1,10
650x,0,10
x6x5,0,10
80,1,10
x54x,0,10
266,1,10
98x6,0,10
9,1,10
71x1,0,10
814x,0,10
48x4,0,10
x362,0,10
xx37,0,10
96x1,0,10
55,1,10
165,1,10
40x0,0,10
26x8,0,10
4183,1,10
2x33,0,10
86,1,10
9045,1,10
1,1,10
96,1,10
89,1,10
x603,0,10
677x,0,10
8x14,0,10
x557,0,10
x800,0,10
90,1,10
29,1,10
71,1,10
x720,0,10
42x2,0,10
0x85,0,10
13,1,10
32,1,10
8x00,0,10
993,1,10
x03x,0,10
9276,1,10
25x4,0,10
x780,0,10
6667,1,10
053x,0,10
01x7,0,10
7x75,0,10
569x,0,10
008x,0,10
880x,0,10
828,1,10
260x,0,10
69,1,10
x451,0,10
90,1,10
4x31,0,10
54x9,0,10
6x54,0,10
x767,0,10
348x,0,10
79x1,0,10
738,1,10
79,1,10
0x96,0,10
5489,1,10
08x0,0,10
x785,0,10
8x07,0,10
74,1,10
67x3,0,10
xx52,0,10
09x1,0,10
29,1,10
67,1,10
x067,0,10
0x95,0,10
6854,1,10
42x1,0,10
17,1,10
35,1,10
3x19,0,10
302x,0,10
2xx8,0,10
68,1,10
4x09,0,10
7x94,0,10
21,1,10
68,1,10
890x,0,10
48,1,10
740x,0,10
25x2,0,10
05x2,0,10
91x9,0,10
56,1,10
6x85,0,10
875,1,10
677,1,10
0x37,0,10
102x,0,10
79x5,0,10
90x7,0,10
x60x,0,10
62xx,0,10
58,1,10
36,1,10
116,1,10
74,1,10
96,1,10
3985,0,10
x128,0,10
582x,0,10
7x0x,0,10
x109,0,10
x195,0,10
21x4,0,10
104x,0,10
x911,0,10
34,1,10
64x5,0,10
x476,0,10
4x44,0,10
076x,0,10
479x,0,10
355,1,10
572,1,10
1,1,10
42,1,10
4x02,0,10
40x7,0,10
320,1,10
130,1,10
43,1,10
x229,0,10
416x,0,10
15,1,10
72,1,10
87,1,10
02x4,0,10
48,1,10
2xx1,0,10
15,1,10
x620,0,10
79,1,10
27,1,10
0xx9,0,10
28,1,10
4x15,0,10
7x81,0,10
002x,0,10
30,1,10
95x2,0,10
77x4,0,10
78,1,10
69,1,10
01x5,0,10
0x18,0,10
74,1,10
59x5,0,10
xx72,0,10
89x5,0,10
47,1,10
437x,0,10
9x25,0,10
260,1,10
80,1,10
x224,0,10
12,1,10
2,1,10
x92x,0,10
41,1,10
99x6,0,10
93x5,0,10
908,1,10
216,1,10
x450,0,10
54,1,10
6300,1,10
57x8,0,10
x4x1,0,10
x38x,0,10
7x96,0,10
030x,0,10
189,1,10
98,1,10
03x6,0,10
x029,0,10
43,1,10
x021,0,10
4,1,10
04xx,0,10
92,1,10
22x7,0,10
88x2,0,10
x5x1,0,10
x098,0,10
50,1,10
81x7,0,10
697x,0,10
x592,0,10
7x05,0,10
3x59,0,10
89x4,0,10
310x,0,10
9x73,0,10
960,1,10
341x,0,10
x050,0,10
1x95,0,10
30,1,10
507x,0,10
19,1,10
9x98,0,10
xx08,0,10
5x60,0,10
97x5,0,10
238x,0,10
28,1,10
211x,0,10
x473,0,10
371,1,10
38,1,10
x870,0,10
8x63,0,10
x877,0,10
98xx,0,10
1x22,0,10
91,1,10
884,1,10
75x3,0,10
x99x,0,10
67,1,10
67,1,10
90,1,10
71,1,10
295x,0,10
404,1,10
20,1,10
84x0,0,10
x053,0,10
85,1,10
07x5,0,10
45,1,10
71,1,10
8x25,0,10
1,1,10
788x,0,10
51,1,10
16,1,10
91x8,0,10
923,1,10
395x,0,10
91,1,10
54,1,10
4x72,0,10
66x0,0,10
04xx,0,10
198x,0,10
70,1,10
x011,0,10
370,1,10
2x75,0,10
230x,0,10
4x91,0,10
43,1,10
9x63,0,10
1x2x,0,10
x501,0,10
71x8,0,10
95,1,10
390,1,10
300x,0,10
471,1,10
8382,0,10
41,1,10
3751,1,10
93,1,10
8097,1,10
84,1,10
47x6,0,10
73x3,0,10
670,1,10
168x,0,10
94,1,10
550x,0,10
137x,0,10
66x2,0,10
5276,0,10
46,1,10
58x4,0,10
871x,0,10
721,1,10
2,1,10
x6x9,0,10
96x6,0,10
66x6,0,10
x907,0,10
5xx1,0,10
x507,0,10
34,1,10
7x91,0,10
95,1,10
89,1,10
0x27,0,10
88x0,0,10
672,1,10
71,1,10
x511,0,10
13x9,0,10
889,1,10
87,1,10
365x,0,10
675,1,10
x266,0,10
x970,0,10
163x,0,10
x348,0,10
6x54,0,10
063x,0,10
299,1,10
31x4,0,10
6x73,0,10
274x,0,10
xx55,0,10
43,1,10
9,1,10
90,1,10
9x34,0,10
399,1,10
10x5,0,10
31,1,10
x391,0,10
789,1,10
73,1,10
5,1,10
797,1,10
4945,0,10
98,1,10
90,1,10
x981,0,10
3x13,0,10
3x58,0,10
1x19,0,10
x793,0,10
x667,0,10
654x,0,10
66,1,10
497x,0,10
03x3,0,10
56,1,10
89,1,10
x220,0,10
928,1,10
87x2,0,10
52xx,0,10
9x14,0,10
x301,0,10
41,1,10
55x6,0,10
95x1,0,10
3x51,0,10
3xx0,0,10
1x62,0,10
x834,0,10
618x,0,10
409x,0,10
135x,0,10
40,1,10
040x,0,10
76,1,10
937x,0,10
45,1,10
954,1,10
47,1,10
88x8,0,10
8x20,0,10
x826,0,10
444,1,10
x775,0,10
72,1,10
x16x,0,10
7x63,0,10
922x,0,10
74x3,0,10
4x46,0,10
87,1,10
x396,0,10
56,1,10
725,1,10
67x1,0,10
35,1,10
41,1,10
x395,0,10
6x03,0,10
39,1,10
x841,0,10
184x,0,10
35,1,10
54,1,10
4x34,0,10
99x6,0,10
16x2,0,10
81x9,0,10
508x,0,10
85,1,10
7x75,0,10
96,1,10
1x93,0,10
165,1,10
482,0,10
1408,1,10
31,1,10
0x91,0,10
29,1,10
31,1,10
387x,0,10
9,1,10
83,1,10
x49x,0,10
x520,0,10
x738,0,10
x433,0,10
9x94,0,10
x234,0,10
57,1,10
41,1,10
91,1,10
8xx2,0,10
x551,0,10
13x6,0,10
61x5,0,10
135x,0,10
14,1,10
636x,0,10
61x1,0,10
85,1,10
14,1,10
00x7,0,10
83,1,10
1x9x,0,10
60x0,0,10
823x,0,10
98x0,0,10
xx95,0,10
x484,0,10
58,1,10
44,1,10
45,1,10
5x79,0,10
550x,0,10
85,1,10
24x6,0,10
6xx2,0,10
17,1,10
935,1,10
x5x7,0,10
x081,0,10
55,1,10
48x0,0,10
x856,0,10
1x64,0,10
x22x,0,10
68x6,0,10
x705,0,10
446x,0,10
74,1,10
57,1,10
518,1,10
75x7,0,10
100,1,10
3x87,0,10
78x6,0,10
73,1,10
23x9,0,10
08xx,0,10
x166,0,10
2x87,0,10
95x5,0,10
39x0,0,10
48,1,10
347,1,10
71,1,10
26,1,10
55xx,0,10
5,1,10
4x06,0,10
3060,1,10
74x2,0,10
7x76,0,10
4336,1,10
x556,0,10
9,1,10
05x8,0,10
62,1,10
817,1,10
6x05,0,10
8,1,10
48x5,0,10
407,1,10
93x2,0,10
03x1,0,10
20,1,10
86,1,10
7029,1,10
6xx8,0,10
x613,0,10
738x,0,10
201,1,10
5xx1,0,10
83,1,10
x668,0,10
90,1,10
861x,0,10
x7x1,0,10
x625,0,10
41,1,10
36x4,0,10
98,1,10
x677,0,10
21,1,10
9x24,0,10
x301,0,10
84,1,10
635x,0,10
x872,0,10
4,1,10
0x48,0,10
2x79,0,10
46x8,0,10
x615,0,10
87,1,10
xx90,0,10
88,1,10
14,1,10
7x84,0,10
10xx,0,10
50,1,10
8x61,0,10
795x,0,10
724,1,10
05x6,0,10
x404,0,10
45x8,0,10
73,1,10
73,1,10
6x80,0,10
x650,0,10
x3x9,0,10
5x96,0,10
3xx5,0,10
11,1,10
6076,0,10
207x,0,10
x387,0,10
x939,0,10
x558,0,10
872x,0,10
93x1,0,10
589,1,10
9x12,0,10
48x8,0,10
448,1,10
0xx9,0,10
x162,0,10
x276,0,10
38,1,10
72,1,10
52,1,10
84,1,10
x397,0,10
85,1,10
x961,0,10
46xx,0,10
x01x,0,10
18x6,0,10
6x02,0,10
65,1,10
34x7,0,10
477,1,10
491x,0,10
6266,1,10
76,1,10
7x26,0,10
85x2,0,10
x081,0,10
56,1,10
41,1,10
65,1,10
0x02,0,10
812x,0,10
412x,0,10
343x,0,10
2189,1,10
x670,0,10
14,1,10
9674,1,10
x324,0,10
55x1,0,10
90,1,10
16,1,10
02x6,0,10
09x1,0,10
1x66,0,10
54x5,0,10
348,1,10
92,1,10
962,1,10
70x2,0,10
38,1,10
75,1,10
11x7,0,10
52,1,10
44,1,10
2x92,0,10
x421,0,10
x643,0,10
7,1,10
870,1,10
574,1,10
266x,0,10
4,1,10
97,1,10
875,1,10
3,1,10
54,1,10
11,1,10
742x,0,10
x186,0,10
6x51,0,10
09x7,0,10
11,1,10
8414,1,10
78,1,10
5x70,0,10
0xx6,0,10
76,1,10
8x15,0,10
x4x8,0,10
864x,0,10
9x87,0,10
41,1,10
3x53,0,10
64,1,10
34,1,10
34x2,0,10
x657,0,10
741,1,10
27,1,10
404,1,10
8254,1,10
957,1,10
2412,1,10
05x5,0,10
6x1x,0,10
95,1,10
38,1,10
2x38,0,10
64,1,10
61,1,10
886,1,10
71,1,10
22,1,10
6,1,10
x615,0,10
60,1,10
573,1,10
x110,0,10
847x,0,10
35,1,10
7401,1,10
753x,0,10
890,1,10
03x0,0,10
261x,0,10
7x88,0,10
29x9,0,10
5,1,10
xx42,0,10
115,1,10
89,1,10
732x,0,10
x373,0,10
29,1,10
78,1,10
2x62,0,10
x8x6,0,10
98x7,0,10
4xx7,0,10
xx26,0,10
x34x,0,10
13,1,10
249x,0,10
84x5,0,10
x8x4,0,10
36,1,10
15,1,10
10,1,10
5x46,0,10
233x,0,10
6xx7,0,10
074x,0,10
96xx,0,10
5xx4,0,10
26,1,10
66,1,10
1x87,0,10
23,1,10
45x3,0,10
37,1,10
34,1,10
8x31,0,10
3280,0,10
50x1,0,10
x438,0,10
1x13,0,10
72,1,10
4x97,0,10
1906,1,10
5x57,0,10
839,1,10
2x01,0,10
96x5,0,10
048x,0,10
854x,0,10
406,1,10
5x65,0,10
5x46,0,10
29,1,10
64x4,0,10
44,1,10
62x3,0,10
xx77,0,10
219,1,10
92,1,10
77,1,10
297x,0,10
907x,0,10
99,1,10
x416,0,10
93,1,10
95,1,10
x393,0,10
76,1,10
x513,0,10
2x70,0,10
52,1,10
8x32,0,10
71x1,0,10
358x,0,10
68,1,10
79x3,0,10
645x,0,10
33x7,0,10
49,1,10
x081,0,10
x664,0,10
510x,0,10
x32x,0,10
547,1,10
31x2,0,10
x993,0,10
24x7,0,10
2929,1,10
322,1,10
35xx,0,10
82,1,10
x690,0,10
x0x3,0,10
131x,0,10
222,1,10
x988,0,10
8309,1,10
6x56,0,10
5x98,0,10
17,1,10
646,1,10
24x4,0,10
400,1,10
289,1,10
x867,0,10
98,1,10
3x67,0,10
990,1,10
08xx,0,10
3388,1,10
9,1,10
96,1,10
x278,0,10
216x,0,10
68,1,10
x942,0,10
25,1,10
60x0,0,10
14,1,10
701x,0,10
37,1,10
59,1,10
x392,0,10
96,1,10
52,1,10
55x2,0,10
1x90,0,10
7x74,0,10
690,1,10
43x1,0,10
51xx,0,10
161x,0,10
12,1,10
366x,0,10
86,1,10
x687,0,10
27,1,10
529,1,10
x494,0,10
60x3,0,10
267x,0,10
1x69,0,10
56,1,10
93,1,10
3068,0,10
4x4x,0,10
12x1,0,10
474x,0,10
256x,0,10
x737,0,10
89x6,0,10
49x4,0,10
965x,0,10
28,1,10
22x2,0,10
3x75,0,10
x268,0,10
76,1,10
70x5,0,10
8866,1,10
8x44,0,10
5x01,0,10
212,1,10
962x,0,10
3x51,0,10
6x7x,0,10
37,1,10
88,1,10
696,1,10
41,1,10
35,1,10
37,1,10
75x6,0,10
17x4,0,10
57,1,10
35x3,0,10
15,1,10
874,1,10
x169,0,10
0x55,0,10
50x1,0,10
944x,0,10
10,1,10
628x,0,10
430x,0,10
8,1,10
21,1,10
06x4,0,10
51xx,0,10
7437,1,10
9x97,0,10
9x7x,0,10
6x54,0,10
469x,0,10
50x1,0,10
44,1,10
2x87,0,10
412x,0,10
25x5,0,10
49,1,10
17,1,10
649x,0,10
x929,0,10
92x7,0,10
46,1,10
6519,1,10
x713,0,10
36x3,0,10
944x,0,10
42x6,0,10
82,1,10
57,1,10
6296,1,10
308x,0,10
45,1,10
693x,0,10
x478,0,10
xx73,0,10
93,1,10
55,1,10
8010,1,10
4x26,0,10
920,1,10
x3x0,0,10
16,1,10
38xx,0,10
757x,0,10
66,1,10
702,1,10
2891,1,10
x496,0,10
14,1,10
1x13,0,10
x492,0,10
82,1,10
x326,0,10
8x33,0,10
x499,0,10
47,1,10
8,1,10
9x22,0,10
4x16,0,10
404,1,10
904x,0,10
x820,0,10
86x5,0,10
72x3,0,10
925x,0,10
3x1x,0,10
4x87,0,10
65x8,0,10
17,1,10
61,1,10
9x94,0,10
91,1,10
59x4,0,10
89,1,10
4x03,0,10
4x5x,0,10
21,1,10
7x92,0,10
24,1,10
x326,0,10
49x8,0,10
008x,0,10
2x82,0,10
64,1,10
2x06,0,10
49,1,10
11x3,0,10
x43x,0,10
x526,0,10
x595,0,10
52x7,0,10
04x8,0,10
3x97,0,10
56x5,0,10
575,1,10
524x,0,10
016x,0,10
554x,0,10
260,1,10
236x,0,10
635,1,10
11x7,0,10
6736,1,10
84,1,10
91x8,0,10
48,1,10
506x,0,10
0xx2,0,10
x536,0,10
08x5,0,10
x034,0,10
x571,0,10
x09x,0,10
2xx9,0,10
87,1,10
1,1,10
123,1,10
214,1,10
x7x9,0,10
x350,0,10
680x,0,10
x387,0,10
93x1,0,10
37x7,0,10
587x,0,10
9914,1,10
58,1,10
25x9,0,10
32,1,10
33,1,10
9x6x,0,10
10x8,0,10
85,1,10
126,1,10
96x2,0,10
98,1,10
039x,0,10
2x72,0,10
67,1,10
49,1,10
9,1,10
93,1,10
1x90,0,10
317,1,10
716x,0,10
40,1,10
9,1,10
x105,0,10
71x4,0,10
205x,0,10
338,1,10
92,1,10
16,1,10
74,1,10
253x,0,10
31,1,10
33x9,0,10
339x,0,10
x931,0,10
18x4,0,10
3345,1,10
481,1,10
83x0,0,10
194,1,10
x9x6,0,10
x8x3,0,10
22,1,10
99,1,10
62x8,0,10
31,1,10
50,1,10
37,1,10
34,1,10
51,1,10
28,1,10
753,1,10
199x,0,10
149x,0,10
927,1,10
217,1,10
x0x6,0,10
91,1,10
48x2,0,10
51x4,0,10
1098,1,10
x6x6,0,10
x177,0,10
3x39,0,10
8x31,0,10
xx18,0,10
x175,0,10
100,1,10
22x6,0,10
8x02,0,10
1x0x,0,10
31,1,10
5484,1,10
397x,0,10
401x,0,10
x487,0,10
73,1,10
8284,1,10
27,1,10
x276,0,10
39x3,0,10
28,1,10
34x1,0,10
90,1,10
38,1,10
40,1,10
4x16,0,10
7x6x,0,10
x271,0,10
48x3,0,10
13,1,10
596,1,10
13,1,10
73,1,10
285,1,10
16,1,10
2x29,0,10
714,1,10
631x,0,10
1x50,0,10
63,1,10
84xx,0,10
2xx8,0,10
68,1,10
5x79,0,10
7337,0,10
95,1,10
33,1,10
7x51,0,10
35x4,0,10
67,1,10
86,1,10
8x11,0,10
52xx,0,10
99x2,0,10
x50x,0,10
45x3,0,10
x247,0,10
944x,0,10
1,1,10
305,1,10
9x98,0,10
45,1,10
9708,1,10
x97x,0,10
12xx,0,10
1x33,0,10
51,1,10
x7x7,0,10
869,1,10
164,1,10
57,1,10
59,1,10
96,1,10
x317,0,10
1,1,10
347x,0,10
138,1,10
427,1,10
7xx7,0,10
51,1,10
39,1,10
52x2,0,10
35,1,10
41x8,0,10
15x0,0,10
9,1,10
628x,0,10
x728,0,10
47x1,0,10
2x95,0,10
x678,0,10
31,1,10
x12x,0,10
634x,0,10
64,1,10
6x66,0,10
0x99,0,10
4x7x,0,10
99x4,0,10
190x,0,10
7x65,0,10
555,1,10
95,1,10
x673,0,10
4x81,0,10
x416,0,10
4070,1,10
50,1,10
1696,0,10
32,1,10
29,1,10
25x7,0,10
60,1,10
472,1,10
31x5,0,10
1x58,0,10
748x,0,10
942x,0,10
29,1,10
190,1,10
x055,0,10
83x5,0,10
510,1,10
69xx,0,10
27x4,0,10
16,1,10
x889,0,10
xx66,0,10
909x,0,10
x768,0,10
67,1,10
88x4,0,10
338,1,10
637x,0,10
27,1,10
679,1,10
21,1,10
55,1,10
20,1,10
15,1,10
27x6,0,10
39,1,10
90,1,10
x423,0,10
896x,0,10
x740,0,10
239,1,10
x109,0,10
x698,0,10
57,1,10
9,1,10
15,1,10
22,1,10
280x,0,10
18x3,0,10
14,1,10
xx52,0,10
41,1,10
3x95,0,10
489,1,10
55,1,10
x253,0,10
30,1,10
4x51,0,10
13,1,10
x2x0,0,10
6481,0,10
99xx,0,10
71,1,10
1,1,10
8,1,10
x927,0,10
88,1,10
2,1,10
56,1,10
410,1,10
69,1,10
5155,0,10
35,1,10
x621,0,10
7x38,0,10
40,1,10
01xx,0,10
169x,0,10
859,1,10
915x,0,10
1x46,0,10
001x,0,10
x6x1,0,10
89,1,10
4091,1,10
602x,0,10
x578,0,10
7,1,10
91x4,0,10
xx16,0,10
8x39,0,10
3443,1,10
x669,0,10
58,1,10
90,1,10
40x6,0,10
452,1,10
x973,0,10
15,1,10
x483,0,10
47,1,10
577x,0,10
681x,0,10
634x,0,10
37,1,10
570,1,10
x5x8,0,10
42x1,0,10
67,1,10
5256,1,10
34x8,0,10
x625,0,10
6x1x,0,10
942x,0,10
43,1,10
767,1,10
6,1,10
8x32,0,10
566x,0,10
2064,0,10
75,1,10
64,1,10
x669,0,10
x545,0,10
625,1,10
82,1,10
83,1,10
640,1,10
10x8,0,10
76,1,10
x80x,0,10
x723,0,10
47x3,0,10
x992,0,10
976,1,10
x807,0,10
193x,0,10
239x,0,10
xx37,0,10
31,1,10
394,1,10
68,1,10
63,1,10
71,1,10
x158,0,10
4x95,0,10
56x0,0,10
9x13,0,10
x208,0,10
86x6,0,10
x477,0,10
96,1,10
62,1,10
418,1,10
674,1,10
35,1,10
0,1,10
324,1,10
44xx,0,10
4xx8,0,10
x530,0,10
79,1,10
570,1,10
45x7,0,10
70,1,10
417x,0,10
x776,0,10
42xx,0,10
x738,0,10
07x0,0,10
2x22,0,10
33xx,0,10
495x,0,10
18,1,10
40,1,10
x6x6,0,10
1648,0,10
51,1,10
x589,0,10
125x,0,10
52xx,0,10
3172,1,10
21x9,0,10
44x1,0,10
34x7,0,10
5x30,0,10
55,1,10
x722,0,10
99,1,10
x108,0,10
x4x5,0,10
13,1,10
x161,0,10
x880,0,10
x207,0,10
794,1,10
xx16,0,10
4400,1,10
x723,0,10
477x,0,10
51,1,10
23,1,10
29x3,0,10
56,1,10
628x,0,10
15x0,0,10
225x,0,10
176,1,10
xx33,0,10
300x,0,10
8x18,0,10
28xx,0,10
93,1,10
0xx5,0,10
820,1,10
325x,0,10
91,1,10
x532,0,10
88x0,0,10
x29x,0,10
84xx,0,10
1x20,0,10
069x,0,10
0,1,10
08x1,0,10
84,1,10
x089,0,10
91,1,10
63,1,10
99xx,0,10
x579,0,10
40x9,0,10
945x,0,10
10x9,0,10
x511,0,10
xx95,0,10
93,1,10
7x50,0,10
17,1,10
25x7,0,10
88,1,10
84xx,0,10
9xx4,0,10
72,1,10
33,1,10
0,1,10
x06x,0,10
9189,0,10
63,1,10
x193,0,10
93,1,10
34x9,0,10
106,1,10
768,1,10
x106,0,10
87x0,0,10
5xx2,0,10
16x8,0,10
27,1,10
257x,0,10
6142,1,10
x367,0,10
39,1,10
6x37,0,10
11x1,0,10
24,1,10
85,1,10
80,1,10
x503,0,10
79,1,10
x365,0,10
58x3,0,10
x921,0,10
x236,0,10
81,1,10
56,1,10
3x72,0,10
62,1,10
39,1,10
537,1,10
0x78,0,10
4x41,0,10
554x,0,10
297,1,10
23x7,0,10
209x,0,10
36,1,10
92,1,10
x685,0,10
387,1,10
63x4,0,10
7x24,0,10
x030,0,10
40,1,10
1x23,0,10
850x,0,10
19,1,10
295,1,10
3xx4,0,10
3x23,0,10
x005,0,10
x664,0,10
x657,0,10
1x01,0,10
4620,1,10
61,1,10
1x87,0,10
72,1,10
24,1,10
x661,0,10
457,0,10
9xx9,0,10
x488,0,10
707x,0,10
028x,0,10
33,1,10
847x,0,10
66,1,10
76,1,10
05x8,0,10
606,1,10
5,1,10
5x86,0,10
958x,0,10
695,1,10
79x6,0,10
997x,0,10
5x77,0,10
34x1,0,10
9xx5,0,10
37x3,0,10
79x8,0,10
42x4,0,10
6,1,10
58,1,10
680,1,10
51,1,10
16,1,10
12x5,0,10
50x1,0,10
684x,0,10
73,1,10
62,1,10
x790,0,10
800x,0,10
x578,0,10
56,1,10
6x86,0,10
85x9,0,10
955x,0,10
xx71,0,10
54x8,0,10
59,1,10
56,1,10
9x36,0,10
64,1,10
8x72,0,10
84,1,10
27,1,10
6x0x,0,10
083x,0,10
xx22,0,10
6x5x,0,10
x021,0,10
33x5,0,10
x961,0,10
31,1,10
10x4,0,10
x396,0,10
x939,0,10
x361,0,10
5x75,0,10
66,1,10
86,1,10
88,1,10
822,1,10
70,1,10
526,1,10
x717,0,10
2x36,0,10
2863,1,10
x204,0,10
65x1,0,10
x670,0,10
2xx7,0,10
x582,0,10
x000,0,10
x437,0,10
262x,0,10
x006,0,10
92x0,0,10
66,1,10
x208,0,10
4x72,0,10
3108,1,10
692,1,10
174x,0,10
66,1,10
x224,0,10
776,1,10
3969,1,10
x012,0,10
62x0,0,10
72,1,10
84,1,10
26,1,10
186,1,10
x624,0,10
x5x0,0,10
310x,0,10
572x,0,10
47x1,0,10
x633,0,10
xx73,0,10
61,1,10
178,1,10
25,1,10
52x8,0,10
x101,0,10
112,1,10
45x4,0,10
22,1,10
668,1,10
120,1,10
50,1,10
18,1,10
71x0,0,10
83,1,10
x397,0,10
541x,0,10
4x47,0,10
53,1,10
2x53,0,10
66,1,10
2x11,0,10
4x10,0,10
7x93,0,10
x44x,0,10
46x8,0,10
57,1,10
82,1,10
9x49,0,10
41,1,10
x960,0,10
8x90,0,10
179x,0,10
xx75,0,10
24,1,10
947x,0,10
9742,1,10
770,1,10
695x,0,10
408,1,10
6x22,0,10
99x8,0,10
62x6,0,10
868,1,10
22x0,0,10
25,1,10
x093,0,10
00x6,0,10
5x63,0,10
43,1,10
040x,0,10
1080,0,10
975,1,10
74,1,10
057x,0,10
6x50,0,10
374x,0,10
290,1,10
54x3,0,10
83x1,0,10
107,1,10
77,1,10
xx00,0,10
16,1,10
502x,0,10
2600,1,10
25,1,10
20,1,10
914,1,10
x485,0,10
34,1,10
x495,0,10
88,1,10
82,1,10
883,1,10
x472,0,10
34,1,10
x986,0,10
x918,0,10
x091,0,10
78,1,10
9x10,0,10
x139,0,10
5x50,0,10
x843,0,10
8444,1,10
103,1,10
x48x,0,10
78x3,0,10
x258,0,10
17,1,10
x331,0,10
8x08,0,10
4xx3,0,10
19xx,0,10
323,1,10
066x,0,10
4x68,0,10
74x2,0,10
3836,1,10
x52x,0,10
6647,1,10
6x09,0,10
096x,0,10
7,1,10
0x17,0,10
546x,0,10
7x87,0,10
8x59,0,10
5xx7,0,10
x193,0,10
7x59,0,10
6x92,0,10
85,1,10
4x84,0,10
x204,0,10
167x,0,10
480x,0,10
97,1,10
71,1,10
5x67,0,10
59,1,10
71,1,10
36x3,0,10
16,1,10
7x52,0,10
74,1,10
58,1,10
87,1,10
6,1,10
5x35,0,10
12,1,10
x6x9,0,10
662x,0,10
x359,0,10
940x,0,10
71x2,0,10
0x84,0,10
49,1,10
28,1,10
9469,1,10
5x00,0,10
89,1,10
13,1,10
5x83,0,10
145x,0,10
23,1,10
9430,1,10
75,1,10
x705,0,10
072x,0,10
404,1,10
91x6,0,10
795,1,10
607x,0,10
472x,0,10
857x,0,10
28,1,10
51,1,10
73,1,10
9x88,0,10
31,1,10
721,1,10
7x90,0,10
9x82,0,10
3203,1,10
x783,0,10
6x42,0,10
4x44,0,10
942x,0,10
1x15,0,10
98x1,0,10
767,1,10
360x,0,10
21x3,0,10
94,1,10
121x,0,10
585x,0,10
6108,1,10
88x1,0,10
969,1,10
49xx,0,10
594x,0,10
43,1,10
371x,0,10
480x,0,10
114,1,10
x116,0,10
5x23,0,10
6xx1,0,10
x500,0,10
38,1,10
1,1,10
45,1,10
7167,1,10
8x83,0,10
994x,0,10
2057,0,10
7x19,0,10
x970,0,10
743,1,10
71x8,0,10
70,1,10
xx21,0,10
143,1,10
95x2,0,10
7x86,0,10
23x3,0,10
517x,0,10
1386,1,10
x238,0,10
x335,0,10
x123,0,10
x366,0,10
991x,0,10
1xx9,0,10
34,1,10
x583,0,10
xx92,0,10
15,1,10
280x,0,10
94x5,0,10
57x7,0,10
8,1,10
10x9,0,10
71,1,10
62x0,0,10
002x,0,10
952x,0,10
x565,0,10
7843,0,10
28,1,10
296,1,10
33xx,0,10
x325,0,10
15x5,0,10
71x9,0,10
8x18,0,10
2x91,0,10
x401,0,10
558,1,10
8,1,10
578,1,10
116x,0,10
80x9,0,10
514x,0,10
8,1,10
8x28,0,10
98,1,10
26x3,0,10
111,1,10
8726,0,10
31,1,10
49,1,10
x3x6,0,10
3x44,0,10
88x7,0,10
48xx,0,10
3x14,0,10
9xx0,0,10
863x,0,10
129,1,10
18,1,10
x590,0,10
2989,0,10
x172,0,10
5296,1,10
873,1,10
057x,0,10
0x55,0,10
43,1,10
188,1,10
14,1,10
3x15,0,10
0,1,10
34,1,10
9x79,0,10
xx99,0,10
84,1,10
x328,0,10
4,1,10
28x6,0,10
651,1,10
573x,0,10
x5x4,0,10
x182,0,10
x948,0,10
77x8,0,10
645x,0,10
x389,0,10
30,1,10
55,1,10
05x1,0,10
x272,0,10
19,1,10
43,1,10
31,1,10
0x82,0,10
84,1,10
x130,0,10
2,1,10
6x75,0,10
344,1,10
48x3,0,10
40,1,10
6358,0,10
6x28,0,10
40,1,10
96xx,0,10
x552,0,10
x668,0,10
0x05,0,10
191,1,10
x569,0,10
30,1,10
x66x,0,10
x8x0,0,10
281,1,10
440,1,10
x086,0,10
219x,0,10
x685,0,10
4x07,0,10
x731,0,10
889x,0,10
835,1,10
x487,0,10
19,1,10
65xx,0,10
60,1,10
7x24,0,10
57,1,10
92,1,10
98,1,10
385x,0,10
x685,0,10
85x2,0,10
7x87,0,10
63,1,10
88x3,0,10
1x28,0,10
x682,0,10
480x,0,10
29,1,10
7x46,0,10
4x09,0,10
684x,0,10
1x86,0,10
30x9,0,10
6x19,0,10
877x,0,10
89x3,0,10
4x51,0,10
98,1,10
61x2,0,10
x18x,0,10
66,1,10
x7x6,0,10
560x,0,10
251x,0,10
54x6,0,10
x877,0,10
60x5,0,10
6093,1,10
56x1,0,10
472,1,10
2379,1,10
49,1,10
656x,0,10
78,1,10
6,1,10
4x97,0,10
51,1,10
x198,0,10
98x0,0,10
32,1,10
57,1,10
87,1,10
87x6,0,10
x749,0,10
99,1,10
692,1,10
8x54,0,10
5x52,0,10
88,1,10
130,1,10
x430,0,10
145x,0,10
82,1,10
1x64,0,10
485x,0,10
83,1,10
4609,1,10
96,1,10
x072,0,10
7x94,0,10
807x,0,10
95x9,0,10
0x06,0,10
88x8,0,10
30,1,10
0xx2,0,10
71,1,10
59,1,10
0x00,0,10
538x,0,10
x191,0,10
8713,1,10
94x3,0,10
643x,0,10
xx27,0,10
7x85,0,10
60xx,0,10
109x,0,10
7x30,0,10
79,1,10
788x,0,10
56,1,10
38x1,0,10
13,1,10
27,1,10
41x7,0,10
77,1,10
55,1,10
19,1,10
3053,1,10
370,1,10
37x5,0,10
x298,0,10
0x6x,0,10
8,1,10
x905,0,10
x17x,0,10
88,1,10
331,1,10
1x67,0,10
x2x5,0,10
2x90,0,10
7x28,0,10
352,1,10
x431,0,10
x977,0,10
858,1,10
6x98,0,10
16,1,10
15,1,10
71x1,0,10
55,1,10
xx45,0,10
990,1,10
0x26,0,10
342x,0,10
125x,0,10
665x,0,10
5x06,0,10
8x09,0,10
7x84,0,10
x855,0,10
361x,0,10
14,1,10
x903,0,10
73,1,10
9xx8,0,10
45,1,10
6x88,0,10
18x4,0,10
30,1,10
67,1,10
8x24,0,10
094x,0,10
x875,0,10
486,1,10
x77x,0,10
8x51,0,10
74,1,10
248,1,10
1x44,0,10
79,1,10
933x,0,10
71x9,0,10
365,1,10
76,1,10
65,1,10
x643,0,10
782,1,10
425x,0,10
0x49,0,10
87x7,0,10
x459,0,10
90,1,10
63,1,10
24x7,0,10
72,1,10
33,1,10
0x02,0,10
10,1,10
40,1,10
0x5x,0,10
45,1,10
1x25,0,10
53,1,10
576x,0,10
19x0,0,10
1x46,0,10
x993,0,10
36x5,0,10
35x2,0,10
2x75,0,10
x150,0,10
85,1,10
75,1,10
1x14,0,10
x528,0,10
979,1,10
x327,0,10
0x90,0,10
16,1,10
7x17,0,10
645x,0,10
617x,0,10
x1x4,0,10
66x4,0,10
xx88,0,10
x576,0,10
x738,0,10
40,1,10
37,1,10
49x9,0,10
11,1,10
13,1,10
15,1,10
41,1,10
19,1,10
3,1,10
89,1,10
x381,0,10
16,1,10
39,1,10
40,1,10
3,1,10
x743,0,10
x229,0,10
2x54,0,10
x814,0,10
0,1,10
80,1,10
47,1,10
5x29,0,10
x992,0,10
58x7,0,10
23,1,10
42,1,10
108,1,10
x074,0,10
249x,0,10
x6x9,0,10
7x26,0,10
x905,0,10
0x99,0,10
x380,0,10
98,1,10
3x63,0,10
1xx2,0,10
53x2,0,10
19,1,10
373,1,10
62,1,10
010x,0,10
7xx8,0,10
8x37,0,10
177x,0,10
104,1,10
3x7x,0,10
x692,0,10
86,1,10
97,1,10
x346,0,10
x883,0,10
9x3x,0,10
65x5,0,10
4x98,0,10
71,1,10
33,1,10
70,1,10
288x,0,10
69,1,10
22,1,10
56,1,10
53,1,10
95,1,10
7,1,10
685x,0,10
97,1,10
8x39,0,10
54x1,0,10
449,1,10
x732,0,10
x841,0,10
xx90,0,10
7x36,0,10
96,1,10
4x51,0,10
335x,0,10
3746,1,10
x433,0,10
410x,0,10
7903,1,10
21x1,0,10
85x0,0,10
399,1,10
90,1,10
95,1,10
70x7,0,10
17x4,0,10
75x2,0,10
9x02,0,10
794x,0,10
x516,0,10
4x79,0,10
2637,1,10
16,1,10
9x15,0,10
8181,1,10
994,1,10
85,1,10
668x,0,10
52x3,0,10
808x,0,10
58,1,10
392,1,10
x050,0,10
03x6,0,10
670x,0,10
31,1,10
849x,0,10
x026,0,10
1x02,0,10
97,1,10
10,1,10
60x1,0,10
113,1,10
6x08,0,10
1x39,0,10
2,1,10
585,1,10
75,1,10
90,1,10
9x64,0,10
211,1,10
79,1,10
5x94,0,10
679,1,10
328x,0,10
14,1,10
1x61,0,10
9x0x,0,10
27,1,10
xx00,0,10
5,1,10
10x4,0,10
x200,0,10
71,1,10
28,1,10
x052,0,10
73,1,10
2x9x,0,10
883,1,10
x996,0,10
x977,0,10
738x,0,10
4xx6,0,10
6x66,0,10
x093,0,10
x669,0,10
39x6,0,10
500x,0,10
40,1,10
57,1,10
9424,1,10
8x47,0,10
xx42,0,10
12,1,10
32,1,10
41,1,10
24x3,0,10
6x90,0,10
666x,0,10
7,1,10
5,1,10
344,1,10
596x,0,10
360x,0,10
0x68,0,10
9x1x,0,10
40,1,10
135,1,10
95,1,10
29x5,0,10
262x,0,10
09x6,0,10
71,1,10
6318,1,10
x217,0,10
413,1,10
988x,0,10
234,1,10
2913,0,10
63x1,0,10
6,1,10
x075,0,10
38,1,10
86,1,10
38x6,0,10
x350,0,10
5,1,10
x690,0,10
35,1,10
54,1,10
x623,0,10
x572,0,10
72x8,0,10
557x,0,10
x030,0,10
55,1,10
189,1,10
x0x3,0,10
x7x2,0,10
799,1,10
294,1,10
70,1,10
55xx,0,10
5x07,0,10
23,1,10
x047,0,10
43,1,10
30x4,0,10
x646,0,10
36,1,10
336x,0,10
70,1,10
58,1,10
x70x,0,10
79,1,10
x2x8,0,10
x576,0,10
499x,0,10
42,1,10
949x,0,10
8,1,10
3x35,0,10
x475,0,10
883,1,10
45x2,0,10
39,1,10
5x39,0,10
443x,0,10
81,1,10
x9x1,0,10
048x,0,10
46,1,10
83xx,0,10
54,1,10
7x01,0,10
x259,0,10
x966,0,10
5,1,10
14,1,10
0,1,10
6,1,10
500,1,10
x421,0,10
28,1,10
77x2,0,10
547x,0,10
x495,0,10
5x93,0,10
923x,0,10
298x,0,10
442x,0,10
73,1,10
9x83,0,10
7x25,0,10
720x,0,10
29x2,0,10
54,1,10
7x58,0,10
6x29,0,10
x011,0,10
186x,0,10
140x,0,10
601x,0,10
91,1,10
76,1,10
44,1,10
x547,0,10
49x3,0,10
332,1,10
9x46,0,10
xx46,0,10
580x,0,10
0,1,10
695,1,10
12,1,10
5,1,10
26,1,10
4386,1,10
8,1,10
x329,0,10
20,1,10
6,1,10
8x65,0,10
40,1,10
x279,0,10
78,1,10
22,1,10
414x,0,10
4x06,0,10
x831,0,10
x0x3,0,10
997,1,10
47x5,0,10
56,1,10
81,1,10
6x20,0,10
978,1,10
98x6,0,10
35,1,10
10x6,0,10
9,1,10
31,1,10
39x1,0,10
12xx,0,10
32,1,10
08x5,0,10
x060,0,10
22,1,10
346x,0,10
730x,0,10
569x,0,10
x035,0,10
73x7,0,10
x244,0,10
38,1,10
7711,1,10
211x,0,10
x599,0,10
643,1,10
691x,0,10
719,1,10
481x,0,10
4x41,0,10
790,1,10
x019,0,10
69,1,10
x667,0,10
35,1,10
150,1,10
4x02,0,10
54,1,10
919x,0,10
x135,0,10
76x4,0,10
08x3,0,10
393x,0,10
385x,0,10
99x8,0,10
x245,0,10
64,1,10
62,1,10
2x76,0,10
x054,0,10
79x0,0,10
85,1,10
19,1,10
x060,0,10
850x,0,10
0xx3,0,10
x779,0,10
9xx4,0,10
30,1,10
739,1,10
2x40,0,10
978,1,10
28,1,10
891,1,10
68,1,10
26xx,0,10
50,1,10
42,1,10
1x53,0,10
x251,0,10
3x57,0,10
3x40,0,10
378x,0,10
9486,0,10
xx92,0,10
64,1,10
8308,1,10
1209,1,10
853,1,10
9x44,0,10
xx94,0,10
x643,0,10
82,1,10
4x00,0,10
1190,0,10
68x0,0,10
4292,1,10
x340,0,10
62,1,10
6x01,0,10
x672,0,10
x517,0,10
00x8,0,10
37,1,10
x594,0,10
x293,0,10
x175,0,10
91x8,0,10
32,1,10
x78x,0,10
16,1,10
77,1,10
xx41,0,10
38,1,10
22,1,10
7x39,0,10
77,1,10
91,1,10
9x25,0,10
8x7x,0,10
54,1,10
0xx6,0,10
41,1,10
x046,0,10
6,1,10
2,1,10
85,1,10
565,1,10
26x7,0,10
1,1,10
x051,0,10
37x1,0,10
0x86,0,10
62x4,0,10
6377,1,10
37,1,10
9278,1,10
46xx,0,10
419,1,10
63x2,0,10
978x,0,10
66x2,0,10
49,1,10
141x,0,10
18x0,0,10
56,1,10
35,1,10
92,1,10
725,1,10
63,1,10
1x68,0,10
x917,0,10
7x49,0,10
91,1,10
497x,0,10
0x80,0,10
743,1,10
770x,0,10
81x4,0,10
90,1,10
84x2,0,10
6x8x,0,10
38x3,0,10
196x,0,10
82x4,0,10
802x,0,10
22,1,10
73,1,10
x503,0,10
955,1,10
634,1,10
9,1,10
81,1,10
43,1,10
62x3,0,10
59,1,10
x621,0,10
x315,0,10
104x,0,10
055x,0,10
3x54,0,10
x763,0,10
22,1,10
666,1,10
112,1,10
01x9,0,10
8117,1,10
86,1,10
4x45,0,10
8190,1,10
314,1,10
96,1,10
35x4,0,10
32x8,0,10
14x0,0,10
512,1,10
115x,0,10
xx92,0,10
1,1,10
4x43,0,10
0x41,0,10
x748,0,10
129x,0,10
5x25,0,10
xx59,0,10
x663,0,10
x705,0,10
495,1,10
59x2,0,10
35x9,0,10
3x01,0,10
96x6,0,10
25,1,10
13,1,10
21,1,10
937x,0,10
x24x,0,10
77x2,0,10
705,1,10
78x4,0,10
x919,0,10
53,1,10
8x4x,0,10
44,1,10
x976,0,10
025x,0,10
6893,1,10
62,1,10
6x22,0,10
23,1,10
x435,0,10
431,1,10
10,1,10
39x1,0,10
5x64,0,10
777x,0,10
403,1,10
8388,1,10
80x1,0,10
90x4,0,10
8x69,0,10
749,1,10
3x13,0,10
87x9,0,10
4x41,0,10
x387,0,10
74,1,10
822,1,10
81,1,10
78x5,0,10
1x03,0,10
22,1,10
62x3,0,10
7x59,0,10
650x,0,10
x909,0,10
5,1,10
5x10,0,10
x360,0,10
35xx,0,10
40x9,0,10
x535,0,10
41x6,0,10
826x,0,10
98,1,10
5x62,0,10
9x1x,0,10
88,1,10
59x7,0,10
61,1,10
736x,0,10
47,1,10
x672,0,10
69,1,10
64,1,10
x655,0,10
2x17,0,10
25,1,10
1,1,10
15,1,10
7x00,0,10
3x14,0,10
1x19,0,10
x128,0,10
5x38,0,10
x480,0,10
x546,0,10
10x5,0,10
x607,0,10
4x65,0,10
31,1,10
43x6,0,10
247,1,10
137x,0,10
85,1,10
951x,0,10
x71x,0,10
2891,0,10
4x74,0,10
x818,0,10
749x,0,10
22x0,0,10
56,1,10
1289,1,10
96x9,0,10
xx60,0,10
8xx4,0,10
50x3,0,10
42,1,10
7265,1,10
7x74,0,10
x6x4,0,10
308x,0,10
955x,0,10
43x4,0,10
97x1,0,10
19,1,10
48x0,0,10
23x4,0,10
xx62,0,10
42,1,10
1979,1,10
8x39,0,10
85,1,10
72,1,10
36,1,10
19,1,10
1x72,0,10
18,1,10
30,1,10
033x,0,10
x286,0,10
x255,0,10
20,1,10
404,1,10
33,1,10
46,1,10
33,1,10
723,1,10
x042,0,10
19x2,0,10
13,1,10
3415,1,10
2x20,0,10
04x5,0,10
x1x0,0,10
214x,0,10
3x32,0,10
771x,0,10
37x2,0,10
42x3,0,10
70,1,10
80x7,0,10
961,1,10
x093,0,10
671x,0,10
51x0,0,10
80,1,10
5x93,0,10
3x47,0,10
55,1,10
x097,0,10
5x38,0,10
63x7,0,10
8x38,0,10
510x,0,10
x581,0,10
63x3,0,10
40,1,10
12,1,10
xx31,0,10
933,1,10
39,1,10
x559,0,10
x47x,0,10
0,1,10
93,1,10
8718,1,10
6xx7,0,10
2x60,0,10
711x,0,10
4348,0,10
301x,0,10
9xx5,0,10
x654,0,10
60,1,10
737,1,10
57,1,10
32,1,10
8051,1,10
44x1,0,10
x959,0,10
273,1,10
7025,1,10
57,1,10
459x,0,10
93x2,0,10
508,1,10
x5x5,0,10
9xx9,0,10
4x50,0,10
x090,0,10
591,1,10
39,1,10
94,1,10
012x,0,10
7x79,0,10
189x,0,10
1x39,0,10
8xx0,0,10
701,0,10
165,1,10
95x8,0,10
46x4,0,10
53,1,10
45x6,0,10
24x0,0,10
16,1,10
825x,0,10
53,1,10
x984,0,10
3x89,0,10
399x,0,10
8,1,10
9x8x,0,10
011x,0,10
95,1,10
84,1,10
1x17,0,10
x788,0,10
59,1,10
7x33,0,10
517x,0,10
850x,0,10
9,1,10
267x,0,10
0x29,0,10
5x8x,0,10
77x6,0,10
80x6,0,10
783x,0,10
x176,0,10
83,1,10
x468,0,10
10,1,10
36,1,10
x979,0,10
x870,0,10
5x54,0,10
13,1,10
6x4x,0,10
147x,0,10
13,1,10
6x56,0,10
x901,0,10
40,1,10
x821,0,10
96,1,10
6x52,0,10
832x,0,10
x707,0,10
24,1,10
44,1,10
1x24,0,10
453x,0,10
79,1,10
4525,1,10
592,1,10
x174,0,10
16,1,10
48x4,0,10
x107,0,10
9x51,0,10
78x4,0,10
645x,0,10
0x23,0,10
66,1,10
60,1,10
106x,0,10
4,1,10
x368,0,10
630x,0,10
9676,1,10
41x2,0,10
20,1,10
x640,0,10
89,1,10
1663,1,10
93,1,10
75,1,10
91xx,0,10
07x7,0,10
46x8,0,10
1x33,0,10
746x,0,10
9x51,0,10
67,1,10
x382,0,10
0x18,0,10
6x67,0,10
93,1,10
214x,0,10
5x46,0,10
4xx0,0,10
83,1,10
683x,0,10
1x49,0,10
x52x,0,10
216,1,10
00x0,0,10
x701,0,10
603x,0,10
468,1,10
70,1,10
220,1,10
477x,0,10
x725,0,10
13,1,10
1x56,0,10
78,1,10
194x,0,10
49,1,10
5x49,0,10
13,1,10
x010,0,10
60,1,10
27x7,0,10
86,1,10
8849,1,10
841x,0,10
6x60,0,10
x773,0,10
xx20,0,10
x005,0,10
63,1,10
x314,0,10
500x,0,10
714,1,10
210x,0,10
x046,0,10
05x0,0,10
752,1,10
39,1,10
5443,0,10
15,1,10
13,1,10
62,1,10
x8x3,0,10
77,1,10
x69x,0,10
x545,0,10
48x8,0,10
5822,1,10
x786,0,10
39,1,10
90,1,10
x601,0,10
x5x2,0,10
2x42,0,10
52,1,10
124,1,10
94,1,10
x520,0,10
571x,0,10
96,1,10
27,1,10
x341,0,10
56,1,10
49,1,10
9188,1,10
7255,1,10
29xx,0,10
964x,0,10
x802,0,10
2x66,0,10
98,1,10
x450,0,10
93x1,0,10
1x67,0,10
4x28,0,10
319x,0,10
18,1,10
4x63,0,10
x660,0,10
68,1,10
21,1,10
62,1,10
0x13,0,10
85,1,10
455x,0,10
53,1,10
5x54,0,10
29,1,10
68,1,10
8x45,0,10
x220,0,10
205x,0,10
x806,0,10
9x54,0,10
2x53,0,10
9x92,0,10
00x1,0,10
20,1,10
498x,0,10
70,1,10
2046,1,10
1x00,0,10
7x51,0,10
55,1,10
996,1,10
66x3,0,10
7x13,0,10
37,1,10
49,1,10
52x8,0,10
49,1,10
3x70,0,10
466x,0,10
742,1,10
521,1,10
77,1,10
24x5,0,10
882x,0,10
26,1,10
49,1,10
192x,0,10
287,1,10
32,1,10
342x,0,10
58,1,10
95,1,10
67,1,10
107x,0,10
65,1,10
x221,0,10
543,1,10
683x,0,10
x476,0,10
28,1,10
x481,0,10
55,1,10
23x3,0,10
059x,0,10
8x71,0,10
x866,0,10
x022,0,10
402x,0,10
x392,0,10
x987,0,10
44,1,10
38,1,10
5x08,0,10
50,1,10
16,1,10
84x7,0,10
31,1,10
96,1,10
xx42,0,10
89,1,10
37,1,10
x747,0,10
3x11,0,10
450x,0,10
x941,0,10
398x,0,10
82x6,0,10
88x4,0,10
31,1,10
54x0,0,10
54,1,10
x641,0,10
31,1,10
x600,0,10
18,1,10
9,1,10
23,1,10
2x80,0,10
54x1,0,10
29,1,10
1x15,0,10
x971,0,10
3x54,0,10
308x,0,10
xx16,0,10
x225,0,10
724,1,10
6x39,0,10
1x8x,0,10
180,1,10
86,1,10
x24x,0,10
95x9,0,10
7x99,0,10
xx82,0,10
x505,0,10
x392,0,10
44x0,0,10
xx77,0,10
42,1,10
0x65,0,10
26,1,10
52,1,10
3x57,0,10
35,1,10
x5x5,0,10
62,1,10
x927,0,10
456,1,10
6xx3,0,10
4x25,0,10
9,1,10
2409,0,10
9x04,0,10
x081,0,10
328x,0,10
693x,0,10
67x6,0,10
85,1,10
6x75,0,10
70,1,10
62,1,10
766x,0,10
35,1,10
x906,0,10
3x79,0,10
xx98,0,10
17,1,10
x801,0,10
38,1,10
2844,1,10
3x12,0,10
329x,0,10
2775,1,10
x503,0,10
x846,0,10
34,1,10
7x51,0,10
x473,0,10
344,1,10
44,1,10
48,1,10
90,1,10
439x,0,10
23x2,0,10
350,1,10
9,1,10
92,1,10
15,1,10
802x,0,10
930x,0,10
804,1,10
x9x4,0,10
36,1,10
x883,0,10
65x7,0,10
x760,0,10
89,1,10
79x3,0,10
4xx4,0,10
91,1,10
48,1,10
978x,0,10
x885,0,10
29,1,10
29x4,0,10
224,1,10
09x9,0,10
94,1,10
904x,0,10
356x,0,10
352x,0,10
xx49,0,10
756,1,10
34,1,10
461x,0,10
33,1,10
4x97,0,10
409,1,10
43,1,10
21,1,10
6608,1,10
49,1,10
28,1,10
69,1,10
77x3,0,10
60,1,10
6385,0,10
x844,0,10
75x8,0,10
818x,0,10
056x,0,10
34x7,0,10
113x,0,10
7094,0,10
18x9,0,10
x225,0,10
x241,0,10
65,1,10
39,1,10
5667,1,10
25,1,10
x795,0,10
75xx,0,10
63,1,10
523x,0,10
133x,0,10
x095,0,10
x013,0,10
58x3,0,10
x511,0,10
55x8,0,10
0x12,0,10
805x,0,10
041x,0,10
x183,0,10
x068,0,10
34,1,10
301x,0,10
35,1,10
99x1,0,10
846,1,10
4xx1,0,10
506x,0,10
784,1,10
7x13,0,10
7x21,0,10
412x,0,10
6x71,0,10
57,1,10
42x9,0,10
981,1,10
8x4x,0,10
97x9,0,10
153,1,10
1,1,10
56,1,10
300x,0,10
514,1,10
52,1,10
x162,0,10
x600,0,10
x047,0,10
5x48,0,10
509,1,10
4122,1,10
234x,0,10
01x0,0,10
6x1x,0,10
54,1,10
58,1,10
4x26,0,10
x685,0,10
718,1,10
8x92,0,10
30,1,10
69,1,10
90,1,10
27,1,10
xx37,0,10
565x,0,10
21,1,10
679x,0,10
9x76,0,10
x3x4,0,10
79x5,0,10
0x34,0,10
8x76,0,10
5x45,0,10
45,1,10
311x,0,10
7816,1,10
xx36,0,10
x338,0,10
77,1,10
x310,0,10
x497,0,10
41x5,0,10
78,1,10
33,1,10
7x21,0,10
082x,0,10
29x8,0,10
55,1,10
351,1,10
897x,0,10
956x,0,10
x507,0,10
60,1,10
6x25,0,10
644x,0,10
57,1,10
3x71,0,10
x01x,0,10
89,1,10
3x7x,0,10
091x,0,10
22,1,10
6x95,0,10
842x,0,10
x214,0,10
xx25,0,10
2x88,0,10
2x36,0,10
x421,0,10
92,1,10
4x08,0,10
185x,0,10
x149,0,10
932,1,10
95,1,10
773,1,10
7x44,0,10
7x5x,0,10
888,1,10
48x0,0,10
31,1,10
240x,0,10
0,1,10
33,1,10
x243,0,10
4x48,0,10
09x5,0,10
05xx,0,10
16x8,0,10
57,1,10
64,1,10
22,1,10
10,1,10
58,1,10
5x73,0,10
8x07,0,10
7x97,0,10
91,1,10
5,1,10
8x22,0,10
x970,0,10
50x4,0,10
2xx5,0,10
056x,0,10
12,1,10
110x,0,10
4x90,0,10
xx62,0,10
1x13,0,10
328x,0,10
833,1,10
850x,0,10
29x3,0,10
xx49,0,10
33,1,10
394,1,10
xx97,0,10
580,1,10
7x5x,0,10
961x,0,10
80x8,0,10
1x02,0,10
31,1,10
30x0,0,10
167x,0,10
53x2,0,10
604x,0,10
x499,0,10
9x10,0,10
77,1,10
391x,0,10
x323,0,10
9x19,0,10
9,1,10
34,1,10
7x63,0,10
08x7,0,10
9x80,0,10
x843,0,10
53x0,0,10
52,1,10
39,1,10
94xx,0,10
x448,0,10
x703,0,10
720x,0,10
174x,0,10
1x99,0,10
1787,1,10
x655,0,10
73,1,10
88x6,0,10
853x,0,10
86,1,10
90x9,0,10
74,1,10
11,1,10
45x6,0,10
x622,0,10
4x62,0,10
8x41,0,10
19x2,0,10
984,0,10
92x7,0,10
243,1,10
44,1,10
743x,0,10
084x,0,10
x936,0,10
46x0,0,10
6x3x,0,10
x321,0,10
x732,0,10
37,1,10
41x3,0,10
44,1,10
77,1,10
15,1,10
24,1,10
91,1,10
691,1,10
260x,0,10
04x3,0,10
3xx0,0,10
4,1,10
42,1,10
7,1,10
87,1,10
79x3,0,10
4x32,0,10
37x6,0,10
10,1,10
61,1,10
736x,0,10
72,1,10
88,1,10
x911,0,10
36x2,0,10
62,1,10
397,1,10
541x,0,10
69,1,10
x066,0,10
67,1,10
0x38,0,10
4x57,0,10
61x6,0,10
424x,0,10
31,1,10
7x24,0,10
32,1,10
337,1,10
844,1,10
59,1,10
75,1,10
x2x1,0,10
638,1,10
x386,0,10
x533,0,10
21x8,0,10
74x0,0,10
x514,0,10
x205,0,10
xx37,0,10
2,1,10
956x,0,10
x545,0,10
0x2x,0,10
96x1,0,10
113x,0,10
49,1,10
10,1,10
x3x8,0,10
30x1,0,10
300x,0,10
55,1,10
273,1,10
29,1,10
91,1,10
16,1,10
661x,0,10
x060,0,10
77xx,0,10
50x0,0,10
x826,0,10
65x0,0,10
x488,0,10
46,1,10
773x,0,10
78x8,0,10
83x6,0,10
x850,0,10
343x,0,10
84x5,0,10
93x5,0,10
443x,0,10
14,1,10
x529,0,10
300x,0,10
6x69,0,10
x63x,0,10
1x00,0,10
4x28,0,10
49,1,10
11,1,10
62x0,0,10
27,1,10
517,1,10
x587,0,10
34,1,10
x371,0,10
86,1,10
x668,0,10
813,1,10
75,1,10
x061,0,10
38,1,10
41,1,10
x289,0,10
2x78,0,10
898,1,10
174,1,10
xx15,0,10
9233,1,10
113x,0,10
615x,0,10
49x9,0,10
54x6,0,10
407x,0,10
607x,0,10
66,1,10
2683,0,10
8x52,0,10
x120,0,10
9,1,10
172x,0,10
19,1,10
87,1,10
x811,0,10
91,1,10
58x4,0,10
364x,0,10
74,1,10
x245,0,10
77x0,0,10
23x2,0,10
5929,1,10
xx19,0,10
x487,0,10
055x,0,10
96,1,10
788,1,10
1x15,0,10
808x,0,10
4xx0,0,10
61,1,10
0x77,0,10
56,1,10
28x9,0,10
63,1,10
376,1,10
0x71,0,10
16x2,0,10
x724,0,10
x430,0,10
18x5,0,10
672x,0,10
0x78,0,10
21,1,10
25,1,10
72,1,10
25,1,10
63,1,10
x841,0,10
55xx,0,10
x470,0,10
29,1,10
37x6,0,10
35x3,0,10
x252,0,10
188,1,10
0xx0,0,10
358x,0,10
x467,0,10
3,1,10
98,1,10
9x30,0,10
x066,0,10
845,1,10
21,1,10
x5x2,0,10
5x52,0,10
33x1,0,10
4x98,0,10
x993,0,10
834,1,10
7,1,10
83x2,0,10
74x2,0,10
11,1,10
16x8,0,10
5x70,0,10
20,1,10
184x,0,10
63,1,10
3x11,0,10
49,1,10
x044,0,10
61x3,0,10
x446,0,10
35,1,10
x392,0,10
xx09,0,10
28,1,10
6x22,0,10
x85x,0,10
11x0,0,10
866x,0,10
635x,0,10
92,1,10
8806,1,10
3496,1,10
16x9,0,10
25xx,0,10
5798,1,10
84,1,10
22,1,10
74,1,10
93,1,10
86,1,10
61,1,10
x9x6,0,10
3x92,0,10
716x,0,10
x693,0,10
7x02,0,10
29,1,10
x664,0,10
189x,0,10
34,1,10
x682,0,10
x548,0,10
136,1,10
3x75,0,10
74,1,10
80,1,10
x035,0,10
4,1,10
14,1,10
33xx,0,10
60,1,10
357,1,10
54,1,10
6x49,0,10
016x,0,10
85,1,10
1,1,10
235x,0,10
81,1,10
x813,0,10
x352,0,10
98x0,0,10
310x,0,10
9024,0,10
3x09,0,10
77,1,10
60,1,10
xx95,0,10
17,1,10
10,1,10
474x,0,10
69x7,0,10
8x07,0,10
795x,0,10
622,1,10
11,1,10
624,1,10
403x,0,10
118,1,10
911x,0,10
x644,0,10
6x22,0,10
590x,0,10
2923,0,10
840x,0,10
466,1,10
1x73,0,10
298,1,10
801x,0,10
28,1,10
924,1,10
x951,0,10
4643,0,10
541x,0,10
287x,0,10
7x77,0,10
7,1,10
58x7,0,10
x854,0,10
x94x,0,10
6x42,0,10
966,1,10
11x4,0,10
9x32,0,10
8x75,0,10
41,1,10
863,1,10
1x46,0,10
17x1,0,10
32,1,10
4x06,0,10
16,1,10
99,1,10
5x64,0,10
x417,0,10
55,1,10
xx64,0,10
x982,0,10
710,1,10
02x2,0,10
78,1,10
18,1,10
746,1,10
59,1,10
0x02,0,10
53x4,0,10
169x,0,10
75,1,10
07x3,0,10
x487,0,10
278x,0,10
83,1,10
x581,0,10
0x99,0,10
663x,0,10
4x64,0,10
x164,0,10
x454,0,10
9x06,0,10
9x25,0,10
x218,0,10
43,1,10
x777,0,10
7,1,10
516,1,10
961x,0,10
1868,0,10
848x,0,10
7x94,0,10
990,1,10
25,1,10
x6x4,0,10
70x9,0,10
675,1,10
39,1,10
x598,0,10
9983,1,10
419x,0,10
x845,0,10
6x89,0,10
72,1,10
x764,0,10
x67x,0,10
1x99,0,10
94x0,0,10
50,1,10
06x6,0,10
9795,1,10
6065,1,10
61,1,10
61x3,0,10
5x02,0,10
148,1,10
x928,0,10
557,1,10
19,1,10
4x63,0,10
59,1,10
67x5,0,10
x135,0,10
08x1,0,10
71x2,0,10
9x10,0,10
920,1,10
50x6,0,10
9x93,0,10
1x74,0,10
x577,0,10
63,1,10
458,1,10
69x5,0,10
341x,0,10
451x,0,10
5,1,10
38,1,10
57,1,10
88,1,10
39,1,10
x752,0,10
4x18,0,10
8x22,0,10
208,1,10
27,1,10
9x08,0,10
x24x,0,10
987x,0,10
22,1,10
x327,0,10
x66x,0,10
80,1,10
367x,0,10
91,1,10
11,1,10
87,1,10
79,1,10
9x93,0,10
370x,0,10
64,1,10
56x4,0,10
21,1,10
88,1,10
89,1,10
83,1,10
x322,0,10
64,1,10
3,1,10
7x7x,0,10
35,1,10
9x45,0,10
34,1,10
x297,0,10
2x69,0,10
3x48,0,10
021x,0,10
55,1,10
x32x,0,10
2x12,0,10
56x2,0,10
x504,0,10
97x7,0,10
298,1,10
691,1,10
69x4,0,10
23,1,10
6542,0,10
1384,1,10
1x03,0,10
163x,0,10
53,1,10
44,1,10
84,1,10
94x3,0,10
0x41,0,10
x681,0,10
626,1,10
91,1,10
x434,0,10
x208,0,10
27,1,10
00x9,0,10
91,1,10
50x7,0,10
59x6,0,10
343x,0,10
033x,0,10
829x,0,10
56,1,10
42,1,10
233x,0,10
57x9,0,10
391x,0,10
24,1,10
x039,0,10
356,1,10
33,1,10
33,1,10
x605,0,10
5x06,0,10
778,1,10
5x77,0,10
18,1,10
44x3,0,10
8x66,0,10
x451,0,10
812,1,10
85,1,10
6,1,10
x852,0,10
x653,0,10
10,1,10
11,1,10
x033,0,10
393,1,10
92,1,10
83,1,10
24,1,10
0x13,0,10
x597,0,10
843x,0,10
90x0,0,10
x670,0,10
x505,0,10
33,1,10
55,1,10
802x,0,10
066x,0,10
09x8,0,10
55x4,0,10
902,1,10
88,1,10
268,1,10
891x,0,10
0x79,0,10
493,1,10
385x,0,10
97x5,0,10
39,1,10
67,1,10
45,1,10
452,1,10
x74x,0,10
8x81,0,10
x277,0,10
x352,0,10
93xx,0,10
88x9,0,10
18x1,0,10
6x18,0,10
392x,0,10
11x5,0,10
57,1,10
98,1,10
93,1,10
x413,0,10
52,1,10
x502,0,10
37x9,0,10
57x3,0,10
x55x,0,10
3882,1,10
766,1,10
173x,0,10
55,1,10
x530,0,10
0x9x,0,10
114,1,10
2x49,0,10
33x8,0,10
x0x1,0,10
49,1,10
x954,0,10
112x,0,10
7x37,0,10
99,1,10
7x46,0,10
569,1,10
06x6,0,10
28x6,0,10
x658,0,10
53x4,0,10
72,1,10
613,1,10
x810,0,10
41,1,10
57,1,10
7x48,0,10
94,1,10
0x21,0,10
189x,0,10
87,1,10
x457,0,10
11,1,10
x855,0,10
x265,0,10
47,1,10
9x95,0,10
602,1,10
2648,1,10
313x,0,10
3110,1,10
510x,0,10
825x,0,10
4x15,0,10
78,1,10
23,1,10
40,1,10
949,1,10
928x,0,10
9x50,0,10
867x,0,10
77,1,10
x827,0,10
05x7,0,10
x032,0,10
0x21,0,10
17,1,10
77,1,10
12,1,10
80,1,10
4x81,0,10
81,1,10
011x,0,10
53x6,0,10
092x,0,10
6723,1,10
431,1,10
36,1,10
x457,0,10
840,0,10
42,1,10
67x8,0,10
1x13,0,10
18,1,10
x58x,0,10
2x52,0,10
97,1,10
364x,0,10
x102,0,10
88x8,0,10
741,1,10
835,1,10
51xx,0,10
74x6,0,10
10,1,10
23,1,10
14,1,10
9x7x,0,10
3x12,0,10
37,1,10
54xx,0,10
18,1,10
575,1,10
86x0,0,10
91xx,0,10
75,1,10
13,1,10
91x1,0,10
09x6,0,10
61,1,10
5x85,0,10
x936,0,10
999x,0,10
x37x,0,10
x329,0,10
80,1,10
2x34,0,10
07x9,0,10
657,1,10
95,1,10
446,1,10
9x79,0,10
xx67,0,10
117,1,10
74x5,0,10
93,1,10
x721,0,10
57,1,10
314x,0,10
x567,0,10
39x0,0,10
35x1,0,10
9x06,0,10
x346,0,10
15,1,10
x058,0,10
7,1,10
2x89,0,10
27x9,0,10
9608,1,10
987,1,10
x066,0,10
27x3,0,10
50x1,0,10
819x,0,10
1x70,0,10
x698,0,10
96x9,0,10
022x,0,10
40x9,0,10
87x8,0,10
8x73,0,10
29,1,10
26,1,10
58,1,10
161x,0,10
53,1,10
745,1,10
7x33,0,10
62,1,10
44,1,10
18,1,10
67,1,10
46,1,10
19,1,10
74,1,10
10,1,10
89,1,10
83,1,10
x647,0,10
x804,0,10
85,1,10
89,1,10
81,1,10
511x,0,10
5,1,10
78x0,0,10
61,1,10
0x13,0,10
08xx,0,10
591x,0,10
400x,0,10
94,1,10
18x9,0,10
x757,0,10
x257,0,10
9,1,10
9x4x,0,10
81,1,10
41x8,0,10
x03x,0,10
3,1,10
19,1,10
29,1,10
49,1,10
43x6,0,10
24x2,0,10
986x,0,10
936,1,10
82,1,10
49,1,10
x936,0,10
20,1,10
33x0,0,10
83,1,10
4,1,10
790x,0,10
081x,0,10
51,1,10
3x33,0,10
69,1,10
3x48,0,10
81,1,10
9058,1,10
36,1,10
12x4,0,10
x161,0,10
x269,0,10
8294,1,10
3x31,0,10
8x49,0,10
31,1,10
887,1,10
017x,0,10
x022,0,10
x319,0,10
35,1,10
30,1,10
066x,0,10
48,1,10
555x,0,10
92x6,0,10
91,1,10
403x,0,10
5,1,10
597x,0,10
x798,0,10
x920,0,10
3x94,0,10
20,1,10
9x43,0,10
2x87,0,10
22x1,0,10
72,1,10
61,1,10
715,1,10
1x87,0,10
759x,0,10
x606,0,10
2x12,0,10
66,1,10
225x,0,10
x217,0,10
722x,0,10
4x48,0,10
3x07,0,10
9x20,0,10
xx23,0,10
x7x8,0,10
3,1,10
6x00,0,10
59,1,10
087x,0,10
x366,0,10
274,1,10
44,1,10
713x,0,10
782x,0,10
907x,0,10
01x0,0,10
34x4,0,10
002x,0,10
464,1,10
80x0,0,10
1,1,10
750x,0,10
2x31,0,10
734,1,10
62,1,10
x928,0,10
88,1,10
3835,1,10
935,1,10
x9x8,0,10
31x4,0,10
x3x2,0,10
819,1,10
85,1,10
5x39,0,10
97,1,10
x414,0,10
431x,0,10
5x96,0,10
7448,1,10
08x1,0,10
75x9,0,10
9x79,0,10
70,1,10
48x5,0,10
297x,0,10
25,1,10
1262,0,10
x315,0,10
x366,0,10
638x,0,10
0x72,0,10
15x0,0,10
27,1,10
x817,0,10
6100,0,10
19x6,0,10
5x36,0,10
x998,0,10
102,1,10
35x5,0,10
45,1,10
34,1,10
288x,0,10
88x9,0,10
540,1,10
86,1,10
62x3,0,10
323x,0,10
04x4,0,10
51,1,10
150,1,10
1,1,10
6x83,0,10
34,1,10
x419,0,10
x719,0,10
6978,1,10
3x83,0,10
274x,0,10
x370,0,10
x597,0,10
88x8,0,10
38x3,0,10
7,1,10
736x,0,10
4x24,0,10
79,1,10
06x2,0,10
90x3,0,10
38x4,0,10
130,1,10
9x26,0,10
541x,0,10
9x70,0,10
13,1,10
46x6,0,10
5271,1,10
x1x9,0,10
174x,0,10
89x9,0,10
13,1,10
15x5,0,10
72,1,10
72,1,10
12,1,10
4x08,0,10
x8x5,0,10
16x7,0,10
xx46,0,10
x659,0,10
x197,0,10
80x3,0,10
5x80,0,10
81,1,10
1x38,0,10
94x1,0,10
25x1,0,10
x1x8,0,10
9x11,0,10
236x,0,10
3x41,0,10
51,1,10
465,1,10
22,1,10
9,1,10
345x,0,10
586x,0,10
764,1,10
x487,0,10
3x38,0,10
6x50,0,10
5x14,0,10
560x,0,10
39,1,10
31,1,10
71,1,10
48,1,10
5x22,0,10
52x5,0,10
16,1,10
763x,0,10
1x29,0,10
00x9,0,10
657x,0,10
91x8,0,10
502,1,10
x542,0,10
x530,0,10
6x28,0,10
11,1,10
x432,0,10
305,1,10
84,1,10
60x1,0,10
9x22,0,10
44x9,0,10
545x,0,10
x415,0,10
65x5,0,10
26,1,10
356x,0,10
297,1,10
x659,0,10
62x8,0,10
0x64,0,10
6x17,0,10
387,1,10
49,1,10
98x1,0,10
82,1,10
31,1,10
47,1,10
4x11,0,10
829,1,10
8x57,0,10
22,1,10
08xx,0,10
34,1,10
22,1,10
x54x,0,10
x097,0,10
x351,0,10
161x,0,10
36,1,10
023x,0,10
33x0,0,10
13,1,10
250,1,10
5x95,0,10
x231,0,10
1x61,0,10
895,1,10
1x37,0,10
46,1,10
x674,0,10
553x,0,10
7622,1,10
0,1,10
1,1,10
74,1,10
2832,1,10
5x30,0,10
6x65,0,10
5x72,0,10
54,1,10
6x70,0,10
292,1,10
567,1,10
8874,1,10
x0x5,0,10
x962,0,10
x516,0,10
19x0,0,10
x253,0,10
651,1,10
10x7,0,10
31,1,10
9x36,0,10
59x5,0,10
x819,0,10
4,1,10
72x3,0,10
x701,0,10
72,1,10
10x0,0,10
x9x6,0,10
90x0,0,10
2,1,10
1,1,10
11,1,10
x240,0,10
500x,0,10
50,1,10
38,1,10
084x,0,10
740x,0,10
59,1,10
4x10,0,10
190,1,10
769,1,10
85,1,10
460,1,10
39,1,10
735,1,10
4x87,0,10
656x,0,10
9,1,10
97,1,10
8x15,0,10
8x7x,0,10
470,1,10
x330,0,10
251,1,10
7610,1,10
78xx,0,10
58x0,0,10
x466,0,10
0,1,10
42,1,10
344,1,10
x015,0,10
5x32,0,10
474,1,10
49x7,0,10
779x,0,10
70,1,10
2x39,0,10
5x29,0,10
693x,0,10
7439,0,10
51x0,0,10
x34x,0,10
513x,0,10
x226,0,10
655,1,10
6xx8,0,10
978x,0,10
36,1,10
98,1,10
9x13,0,10
749,1,10
922x,0,10
85xx,0,10
66,1,10
58x0,0,10
617,1,10
67,1,10
80x7,0,10
686x,0,10
7599,1,10
25x9,0,10
719x,0,10
36,1,10
2x96,0,10
58,1,10
x946,0,10
026x,0,10
41xx,0,10
02x3,0,10
855,1,10
x346,0,10
x792,0,10
860x,0,10
x278,0,10
2x50,0,10
x461,0,10
3289,1,10
69,1,10
555,1,10
8x56,0,10
01x0,0,10
43,1,10
00x9,0,10
1444,0,10
x056,0,10
1x15,0,10
x923,0,10
1x98,0,10
x192,0,10
9378,1,10
07x9,0,10
507x,0,10
29,1,10
41x1,0,10
60,1,10
41,1,10
6,1,10
x4x1,0,10
24x0,0,10
37x3,0,10
11x5,0,10
135,1,10
x074,0,10
x5x3,0,10
555,1,10
xx36,0,10
1xx3,0,10
1093,1,10
84x4,0,10
98,1,10
84xx,0,10
x442,0,10
44x4,0,10
x95x,0,10
194,1,10
341x,0,10
94,1,10
84,1,10
687x,0,10
11x5,0,10
31,1,10
95,1,10
x064,0,10
816,1,10
x295,0,10
24,1,10
56,1,10
x5x4,0,10
5x60,0,10
94,1,10
x848,0,10
x810,0,10
9,1,10
620,1,10
x220,0,10
5319,1,10
x217,0,10
8,1,10
88x1,0,10
371x,0,10
272,1,10
64,1,10
484x,0,10
6,1,10
217,1,10
x61x,0,10
980,1,10
9x01,0,10
5x98,0,10
6157,1,10
52,1,10
08x0,0,10
16,1,10
x429,0,10
45x2,0,10
85,1,10
913x,0,10
53,1,10
10x4,0,10
x197,0,10
142x,0,10
426x,0,10
1x23,0,10
1xx6,0,10
x6x7,0,10
14,1,10
x370,0,10
7x40,0,10
55,1,10
722,1,10
55,1,10
x680,0,10
x937,0,10
xx68,0,10
0x8x,0,10
x77x,0,10
763x,0,10
7x62,0,10
0x10,0,10
7x65,0,10
31x7,0,10
50,1,10
560x,0,10
x934,0,10
920x,0,10
x068,0,10
34,1,10
03x0,0,10
5x24,0,10
x357,0,10
31,1,10
39,1,10
x6x1,0,10
x36x,0,10
12x4,0,10
8868,1,10
88,1,10
133x,0,10
3xx4,0,10
x077,0,10
6x43,0,10
538x,0,10
x285,0,10
03x9,0,10
389,1,10
x9x4,0,10
x880,0,10
x725,0,10
322,1,10
9,1,10
64,1,10
465x,0,10
8x52,0,10
xx78,0,10
1x69,0,10
x667,0,10
x660,0,10
9x86,0,10
69,1,10
6786,0,10
71x4,0,10
x467,0,10
x053,0,10
1x5x,0,10
92,1,10
819x,0,10
32,1,10
68x3,0,10
x334,0,10
38,1,10
963x,0,10
1,1,10
99,1,10
840,1,10
x898,0,10
99,1,10
x202,0,10
96,1,10
x227,0,10
6x78,0,10
51,1,10
69,1,10
8x87,0,10
52x9,0,10
20,1,10
54,1,10
705x,0,10
962x,0,10
42,1,10
3x86,0,10
3x38,0,10
56,1,10
x451,0,10
60x4,0,10
x505,0,10
651x,0,10
68,1,10
06x1,0,10
0,1,10
54xx,0,10
x679,0,10
7x10,0,10
3,1,10
3x75,0,10
136,1,10
348x,0,10
9775,0,10
37x9,0,10
57,1,10
1,1,10
486,0,10
542x,0,10
1x31,0,10
4x02,0,10
x509,0,10
34,1,10
x099,0,10
47,1,10
xx34,0,10
633x,0,10
958x,0,10
68,1,10
x3x7,0,10
928x,0,10
45x4,0,10
74x6,0,10
xx76,0,10
274,1,10
342,1,10
69,1,10
x199,0,10
940,1,10
180,1,10
093x,0,10
2173,1,10
405,1,10
05x9,0,10
x927,0,10
182x,0,10
4x81,0,10
191,1,10
7631,1,10
82,1,10
27x1,0,10
689x,0,10
9868,1,10
399x,0,10
xx51,0,10
33,1,10
73,1,10
6x35,0,10
650,1,10
024x,0,10
x987,0,10
179x,0,10
256x,0,10
4x59,0,10
89,1,10
x662,0,10
83,1,10
590x,0,10
x216,0,10
67x8,0,10
x347,0,10
15x9,0,10
540,1,10
171x,0,10
x015,0,10
86,1,10
672x,0,10
210x,0,10
0x84,0,10
46,1,10
089x,0,10
560,1,10
x062,0,10
56,1,10
6x27,0,10
103x,0,10
3085,1,10
6,1,10
886,1,10
86,1,10
814x,0,10
941x,0,10
299x,0,10
80x1,0,10
x135,0,10
865,1,10
x5x3,0,10
6x17,0,10
959x,0,10
98x1,0,10
012x,0,10
28x6,0,10
x134,0,10
x744,0,10
7x98,0,10
57,1,10
6xx2,0,10
x651,0,10
19,1,10
x35x,0,10
x343,0,10
953x,0,10
5x01,0,10
x432,0,10
43,1,10
36x7,0,10
6911,1,10
x86x,0,10
190x,0,10
06x2,0,10
x655,0,10
153,1,10
2x06,0,10
x8x0,0,10
68x7,0,10
461x,0,10
4,1,10
49x2,0,10
5x64,0,10
5x41,0,10
471x,0,10
x765,0,10
175x,0,10
x625,0,10
32,1,10
88,1,10
1x37,0,10
50x1,0,10
6x17,0,10
81x9,0,10
2,1,10
332x,0,10
75,1,10
4,1,10
xx28,0,10
91,1,10
5651,1,10
2x0x,0,10
29,1,10
63,1,10
94,1,10
044x,0,10
5x36,0,10
471x,0,10
31,1,10
292x,0,10
1x84,0,10
49,1,10
6x39,0,10
41x5,0,10
24,1,10
x483,0,10
75x1,0,10
x402,0,10
244x,0,10
xx76,0,10
19,1,10
92,1,10
0x2x,0,10
7xx2,0,10
x737,0,10
49,1,10
x200,0,10
48x8,0,10
431x,0,10
31,1,10
72,1,10
5,1,10
x896,0,10
1x58,0,10
859,1,10
18,1,10
10,1,10
32,1,10
375x,0,10
41,1,10
x149,0,10
x518,0,10
231x,0,10
141x,0,10
x802,0,10
883x,0,10
19,1,10
8,1,10
x672,0,10
998,1,10
707,1,10
66,1,10
0,1,10
4x81,0,10
14,1,10
x678,0,10
28,1,10
342x,0,10
x1x6,0,10
x869,0,10
13,1,10
x150,0,10
239,0,10
17,1,10
x402,0,10
5253,1,10
x920,0,10
x73x,0,10
69,1,10
71,1,10
5785,1,10
x7x3,0,10
15,1,10
883x,0,10
44x4,0,10
84x1,0,10
1093,1,10
44,1,10
6x56,0,10
582,1,10
81,1,10
771,1,10
15x1,0,10
48,1,10
179,1,10
368,1,10
66,1,10
373x,0,10
x561,0,10
x686,0,10
x591,0,10
79,1,10
213,1,10
90x3,0,10
xx52,0,10
77,1,10
x714,0,10
164x,0,10
82x1,0,10
67,1,10
52,1,10
45,1,10
x490,0,10
60,1,10
955x,0,10
5x52,0,10
15x2,0,10
2x71,0,10
95,1,10
477,1,10
15xx,0,10
91x8,0,10
4x20,0,10
76,1,10
79,1,10
96,1,10
94x3,0,10
x543,0,10
55,1,10
1228,1,10
2x10,0,10
51,1,10
843x,0,10
12,1,10
12,1,10
120x,0,10
8611,1,10
66,1,10
350x,0,10
6x47,0,10
70,1,10
34,1,10
209x,0,10
385,1,10
417x,0,10
x666,0,10
91,1,10
497x,0,10
3x18,0,10
6x72,0,10
2x87,0,10
64x2,0,10
43,1,10
x114,0,10
22,1,10
907,1,10
97,1,10
47x9,0,10
27x3,0,10
8,1,10
37,1,10
85,1,10
7x08,0,10
32x8,0,10
11,1,10
9x52,0,10
60,1,10
6479,0,10
x739,0,10
23,1,10
818x,0,10
xx70,0,10
8x55,0,10
68,1,10
x052,0,10
7,1,10
6921,1,10
56,1,10
x257,0,10
3xx1,0,10
27x6,0,10
x746,0,10
61,1,10
77x9,0,10
95x7,0,10
89x8,0,10
x907,0,10
x7x4,0,10
x5x9,0,10
x133,0,10
78x9,0,10
11,1,10
x998,0,10
70,1,10
60,1,10
707x,0,10
5333,1,10
78,1,10
32,1,10
907,1,10
2x26,0,10
222x,0,10
659x,0,10
14,1,10
6665,1,10
x294,0,10
71,1,10
x858,0,10
90,1,10
77,1,10
188x,0,10
734x,0,10
563,1,10
17,1,10
63,1,10
3x60,0,10
73,1,10
x192,0,10
370,1,10
040x,0,10
88xx,0,10
78,1,10
x803,0,10
61x0,0,10
753x,0,10
68,1,10
1985,1,10
30,1,10
95x4,0,10
23,1,10
90,1,10
x563,0,10
52,1,10
53x4,0,10
1x57,0,10
8x89,0,10
56,1,10
97,1,10
26x8,0,10
x478,0,10
5731,1,10
5x1x,0,10
386x,0,10
8,1,10
0x40,0,10
516x,0,10
82,1,10
x926,0,10
4x57,0,10
x510,0,10
36,1,10
41,1,10
9xx4,0,10
9x85,0,10
3x19,0,10
008x,0,10
xx42,0,10
x230,0,10
73,1,10
792x,0,10
x861,0,10
449,1,10
0x02,0,10
05x7,0,10
89x1,0,10
21x3,0,10
4,1,10
03x5,0,10
50x9,0,10
x68x,0,10
12,1,10
527,1,10
x052,0,10
6324,0,10
x031,0,10
086x,0,10
9x76,0,10
xx48,0,10
9x17,0,10
2x09,0,10
28,1,10
0x09,0,10
30,1,10
x2x3,0,10
2x66,0,10
75x1,0,10
92,1,10
82x0,0,10
489x,0,10
88,1,10
3x79,0,10
34,1,10
49x9,0,10
92,1,10
x4x2,0,10
x296,0,10
x021,0,10
80x8,0,10
996x,0,10
67x0,0,10
6x64,0,10
231x,0,10
35,1,10
x151,0,10
67,1,10
x778,0,10
x411,0,10
1x59,0,10
9x5x,0,10
x009,0,10
144,1,10
3x43,0,10
649,1,10
7x23,0,10
7080,1,10
4x34,0,10
6x02,0,10
3x67,0,10
316,1,10
488,1,10
x402,0,10
832,1,10
82,1,10
0x85,0,10
x426,0,10
x832,0,10
5x30,0,10
x4x2,0,10
x081,0,10
95,1,10
302x,0,10
704,1,10
66,1,10
16x1,0,10
67,1,10
61x6,0,10
45,1,10
67,1,10
3xx7,0,10
x091,0,10
72,1,10
23,1,10
52,1,10
03x5,0,10
34x9,0,10
80,1,10
75,1,10
5x65,0,10
601,1,10
86,1,10
76,1,10
x8x2,0,10
27,1,10
1059,0,10
370x,0,10
517,1,10
21,1,10
19x2,0,10
599x,0,10
86,1,10
75,1,10
46,1,10
34xx,0,10
34,1,10
7x64,0,10
40,1,10
5,1,10
10,1,10
91,1,10
x252,0,10
5xx8,0,10
x7x2,0,10
42x5,0,10
1x99,0,10
x253,0,10
30,1,10
7685,1,10
380x,0,10
7x22,0,10
63x4,0,10
1x10,0,10
30x0,0,10
4x64,0,10
25x0,0,10
50,1,10
54,1,10
21,1,10
88xx,0,10
x892,0,10
39,1,10
x317,0,10
85,1,10
51,1,10
x073,0,10
313,1,10
56,1,10
x492,0,10
997,1,10
22,1,10
65,1,10
19x0,0,10
17x6,0,10
199x,0,10
7x02,0,10
1x02,0,10
40,1,10
x482,0,10
36,1,10
x141,0,10
7x26,0,10
810,1,10
691,1,10
93x1,0,10
x386,0,10
633x,0,10
2x41,0,10
81x7,0,10
x158,0,10
99,1,10
x431,0,10
41,1,10
336,0,10
x183,0,10
82x4,0,10
429,1,10
x738,0,10
988x,0,10
6x7x,0,10
5x98,0,10
x927,0,10
40x6,0,10
57,1,10
826,1,10
6x86,0,10
13,1,10
48,1,10
95x4,0,10
40,1,10
245,1,10
3x2x,0,10
x654,0,10
99x5,0,10
319x,0,10
1x88,0,10
25x4,0,10
9x83,0,10
3x90,0,10
63,1,10
4x56,0,10
84,1,10
778,1,10
77,1,10
312,1,10
822x,0,10
x976,0,10
x171,0,10
35,1,10
46,1,10
312,1,10
032x,0,10
1x60,0,10
6036,1,10
571x,0,10
32x0,0,10
84x6,0,10
80,1,10
x143,0,10
840,1,10
9x71,0,10
39x8,0,10
576x,0,10
2x69,0,10
x590,0,10
80,1,10
70,1,10
8x25,0,10
x925,0,10
92x6,0,10
41x0,0,10
528x,0,10
260,1,10
8436,1,10
70,1,10
15x2,0,10
x402,0,10
2,1,10
71x2,0,10
9x3x,0,10
75,1,10
x3x6,0,10
36,1,10
597,1,10
06x4,0,10
3,1,10
68xx,0,10
x601,0,10
809,1,10
2x32,0,10
0x48,0,10
222x,0,10
8x68,0,10
963,1,10
20,1,10
97,1,10
53,1,10
4x43,0,10
8xx0,0,10
x829,0,10
101,1,10
69x0,0,10
7x90,0,10
95,1,10
05x7,0,10
91,1,10
x325,0,10
551x,0,10
601,1,10
99,1,10
7,1,10
xx55,0,10
x323,0,10
x14x,0,10
542,1,10
639x,0,10
47x5,0,10
98,1,10
40x8,0,10
7x19,0,10
94x8,0,10
25,1,10
19x1,0,10
62,1,10
65,1,10
931,1,10
35,1,10
x550,0,10
57,1,10
54,1,10
x431,0,10
7xx1,0,10
x041,0,10
06x1,0,10
93xx,0,10
50,1,10
543x,0,10
9x29,0,10
71x9,0,10
4x4x,0,10
70,1,10
87,1,10
x409,0,10
91,1,10
62,1,10
68,1,10
2x14,0,10
56,1,10
x623,0,10
66x5,0,10
40x8,0,10
47x3,0,10
99,1,10
x619,0,10
24,1,10
16,1,10
x618,0,10
x898,0,10
21,1,10
74x2,0,10
63x9,0,10
468x,0,10
6470,1,10
430x,0,10
01x3,0,10
814,1,10
x473,0,10
008x,0,10
70,1,10
xx83,0,10
25x7,0,10
9x80,0,10
14x4,0,10
67x9,0,10
802,1,10
x9x3,0,10
0,1,10
35,1,10
71x0,0,10
8x03,0,10
0x40,0,10
93,1,10
6x62,0,10
2,1,10
x453,0,10
5x15,0,10
51,1,10
23x4,0,10
81,1,10
x614,0,10
9x21,0,10
507x,0,10
84x9,0,10
74x6,0,10
xx35,0,10
613x,0,10
93x7,0,10
46x0,0,10
64x9,0,10
40,1,10
5076,1,10
31x6,0,10
x984,0,10
69,1,10
90x2,0,10
x418,0,10
67x5,0,10
974x,0,10
117,1,10
